Date,Stock,Predicted_Return
2017-01-18,KOTAKBANK.NS,-0.004415404139714743
2017-01-18,INFY.NS,-0.016731635443711156
2017-01-18,WIPRO.NS,-0.006292590708312868
2017-01-18,TECHM.NS,0.001162374931491322
2017-01-18,ONGC.NS,-0.007209777327614842
2017-01-18,NTPC.NS,-0.005120210536103518
2017-01-18,ITC.NS,0.0012309523800349686
2017-01-18,NESTLEIND.NS,0.00037294870578368086
2017-01-18,BRITANNIA.NS,0.0006575420658622929
2017-01-18,SUNPHARMA.NS,0.007273356752364504
2017-01-18,DRREDDY.NS,0.004780610702735915
2017-01-18,APOLLOHOSP.NS,0.008028415818280156
2017-01-18,BHARTIARTL.NS,0.005290617406151335
2017-01-18,TATASTEEL.NS,0.009874028905332509
2017-01-18,DLF.NS,0.03181555107852068
2017-02-17,KOTAKBANK.NS,-0.012108755971429117
2017-02-17,INFY.NS,-0.010201366340877774
2017-02-17,WIPRO.NS,-0.0016412567752145586
2017-02-17,TECHM.NS,5.1616967923685065e-05
2017-02-17,ONGC.NS,-0.008054605612495748
2017-02-17,NTPC.NS,-0.014667768240370641
2017-02-17,ITC.NS,-0.0005906020314202367
2017-02-17,NESTLEIND.NS,-0.005512668212818613
2017-02-17,BRITANNIA.NS,-0.011573066748159715
2017-02-17,SUNPHARMA.NS,0.00511882085200518
2017-02-17,DRREDDY.NS,-0.005184886328022798
2017-02-17,APOLLOHOSP.NS,-0.0021357274001275934
2017-02-17,BHARTIARTL.NS,-0.002985020474890243
2017-02-17,TATASTEEL.NS,0.0020662619284289373
2017-02-17,DLF.NS,0.004402261611068355
2017-03-22,KOTAKBANK.NS,-0.001653078843944189
2017-03-22,INFY.NS,-0.008208474440688946
2017-03-22,WIPRO.NS,-0.009476570926001758
2017-03-22,TECHM.NS,-0.0005436407937642017
2017-03-22,ONGC.NS,-0.00757897736277393
2017-03-22,NTPC.NS,-0.006125121531124054
2017-03-22,ITC.NS,-0.0031986051504065316
2017-03-22,NESTLEIND.NS,-0.0008812741051541307
2017-03-22,BRITANNIA.NS,-0.0027870521578132012
2017-03-22,SUNPHARMA.NS,0.0054009610597766265
2017-03-22,DRREDDY.NS,0.017485527012034756
2017-03-22,APOLLOHOSP.NS,0.015090290673689978
2017-03-22,BHARTIARTL.NS,0.017791444372338497
2017-03-22,TATASTEEL.NS,-0.003565299187457868
2017-03-22,DLF.NS,0.01070033386958451
2017-04-24,KOTAKBANK.NS,0.002192221110950113
2017-04-24,INFY.NS,0.008238735726294482
2017-04-24,WIPRO.NS,-0.0050191713504957845
2017-04-24,TECHM.NS,0.00023786753144718628
2017-04-24,ONGC.NS,-0.0006573293917640285
2017-04-24,NTPC.NS,-0.009292390206339485
2017-04-24,ITC.NS,-0.010865227426519642
2017-04-24,NESTLEIND.NS,0.004777054784338506
2017-04-24,BRITANNIA.NS,0.0026014709568789457
2017-04-24,SUNPHARMA.NS,0.014329215050258078
2017-04-24,DRREDDY.NS,0.006246086999823368
2017-04-24,APOLLOHOSP.NS,0.008573499921772582
2017-04-24,BHARTIARTL.NS,-0.006851247787474858
2017-04-24,TATASTEEL.NS,0.010371006101859913
2017-04-24,DLF.NS,0.048656098737597804
2017-05-24,KOTAKBANK.NS,-0.0072480175628797175
2017-05-24,INFY.NS,0.004573682583148046
2017-05-24,WIPRO.NS,-0.006248925459146811
2017-05-24,TECHM.NS,-0.0094849905329259
2017-05-24,ONGC.NS,0.005092013701022032
2017-05-24,NTPC.NS,0.004672090080718702
2017-05-24,ITC.NS,-0.0038046944042353942
2017-05-24,NESTLEIND.NS,-0.005998042592041426
2017-05-24,BRITANNIA.NS,-0.006988402516800187
2017-05-24,SUNPHARMA.NS,0.011054589521751505
2017-05-24,DRREDDY.NS,0.002794635456742084
2017-05-24,APOLLOHOSP.NS,0.0013803013494918975
2017-05-24,BHARTIARTL.NS,-0.005344032422255825
2017-05-24,TATASTEEL.NS,-0.008362147503253483
2017-05-24,DLF.NS,-0.006020500719124657
2017-06-22,KOTAKBANK.NS,-0.0028438991027875176
2017-06-22,INFY.NS,-0.0012743841692002338
2017-06-22,WIPRO.NS,-0.005119091219008822
2017-06-22,TECHM.NS,0.013217960604852528
2017-06-22,ONGC.NS,0.010264563967522195
2017-06-22,NTPC.NS,-0.0029334458602407795
2017-06-22,ITC.NS,-0.00026731511113556837
2017-06-22,NESTLEIND.NS,0.006072806015588509
2017-06-22,BRITANNIA.NS,-0.0063014376355935075
2017-06-22,SUNPHARMA.NS,0.016286429740629278
2017-06-22,DRREDDY.NS,0.00012511161472388235
2017-06-22,APOLLOHOSP.NS,-0.0033218867099100704
2017-06-22,BHARTIARTL.NS,0.010098514867504762
2017-06-22,TATASTEEL.NS,-0.00047078992337167995
2017-06-22,DLF.NS,0.022728425084654922
2017-07-24,KOTAKBANK.NS,-0.004548212903457611
2017-07-24,INFY.NS,-0.004356521346866997
2017-07-24,WIPRO.NS,-0.004758204122544393
2017-07-24,TECHM.NS,-0.003883071502222048
2017-07-24,ONGC.NS,-2.3686221634045186e-05
2017-07-24,NTPC.NS,0.005201351719528175
2017-07-24,ITC.NS,0.014303668426680027
2017-07-24,NESTLEIND.NS,0.008088253413251117
2017-07-24,BRITANNIA.NS,0.006820952414370129
2017-07-24,SUNPHARMA.NS,-0.0036911455677858156
2017-07-24,DRREDDY.NS,-0.002126115397330087
2017-07-24,APOLLOHOSP.NS,-0.003441243068327894
2017-07-24,BHARTIARTL.NS,0.008655765391917843
2017-07-24,TATASTEEL.NS,0.014727705007523373
2017-07-24,DLF.NS,0.005185815777375378
2017-08-23,KOTAKBANK.NS,0.0053756494867516465
2017-08-23,INFY.NS,0.01076440875730778
2017-08-23,WIPRO.NS,0.03176929304958326
2017-08-23,TECHM.NS,-0.0009581284981610525
2017-08-23,ONGC.NS,-0.00256549181711279
2017-08-23,NTPC.NS,-0.004108877114664912
2017-08-23,ITC.NS,0.0014100653286282015
2017-08-23,NESTLEIND.NS,0.005825273467888711
2017-08-23,BRITANNIA.NS,-0.0011338705586031936
2017-08-23,SUNPHARMA.NS,0.07935592048984219
2017-08-23,DRREDDY.NS,0.07674609329947761
2017-08-23,APOLLOHOSP.NS,0.016725375815733707
2017-08-23,BHARTIARTL.NS,-0.004325387992033482
2017-08-23,TATASTEEL.NS,0.004801631891245021
2017-08-23,DLF.NS,0.09223153739002911
2017-09-22,KOTAKBANK.NS,0.0036118629632248974
2017-09-22,INFY.NS,0.0067730463057154465
2017-09-22,WIPRO.NS,0.0048022212021583514
2017-09-22,TECHM.NS,0.0012141612956805237
2017-09-22,ONGC.NS,0.0005643921930369077
2017-09-22,NTPC.NS,-0.0004657425458373173
2017-09-22,ITC.NS,-0.008402840550434198
2017-09-22,NESTLEIND.NS,0.010526471451494813
2017-09-22,BRITANNIA.NS,0.01971231534989989
2017-09-22,SUNPHARMA.NS,0.006895717541957835
2017-09-22,DRREDDY.NS,0.012403191332597074
2017-09-22,APOLLOHOSP.NS,0.02242219469069543
2017-09-22,BHARTIARTL.NS,0.006424448797146551
2017-09-22,TATASTEEL.NS,0.01665356840959069
2017-09-22,DLF.NS,0.015291841175674802
2017-10-25,KOTAKBANK.NS,0.0024444857936213264
2017-10-25,INFY.NS,0.012821700007040592
2017-10-25,WIPRO.NS,0.012523886942005449
2017-10-25,TECHM.NS,0.006565678802453804
2017-10-25,ONGC.NS,0.0020274385484395007
2017-10-25,NTPC.NS,-0.00016548601904808758
2017-10-25,ITC.NS,0.000466485081652854
2017-10-25,NESTLEIND.NS,0.03216848726036887
2017-10-25,BRITANNIA.NS,0.019099698382505165
2017-10-25,SUNPHARMA.NS,0.0033876096872151287
2017-10-25,DRREDDY.NS,0.002847842213534587
2017-10-25,APOLLOHOSP.NS,0.005370381777503986
2017-10-25,BHARTIARTL.NS,0.008483676660496946
2017-10-25,TATASTEEL.NS,0.001305864685479932
2017-10-25,DLF.NS,0.08302450769742263
2017-11-23,KOTAKBANK.NS,0.009036730475058858
2017-11-23,INFY.NS,0.003972649556260924
2017-11-23,WIPRO.NS,0.011985488459522914
2017-11-23,TECHM.NS,0.013400856339811673
2017-11-23,ONGC.NS,0.012720806687079837
2017-11-23,NTPC.NS,0.008927649570985513
2017-11-23,ITC.NS,0.010812242769992767
2017-11-23,NESTLEIND.NS,0.02311598677847391
2017-11-23,BRITANNIA.NS,0.0050689765797291755
2017-11-23,SUNPHARMA.NS,0.0025096071691076065
2017-11-23,DRREDDY.NS,0.01788705647375858
2017-11-23,APOLLOHOSP.NS,0.00950800612125765
2017-11-23,BHARTIARTL.NS,0.016851968348032487
2017-11-23,TATASTEEL.NS,0.0013269125371759272
2017-11-23,DLF.NS,0.015408615692230775
2017-12-22,KOTAKBANK.NS,0.0101496569500972
2017-12-22,INFY.NS,0.009104994388030191
2017-12-22,WIPRO.NS,-0.0030036715585613914
2017-12-22,TECHM.NS,0.017774285299252717
2017-12-22,ONGC.NS,0.013469998127466706
2017-12-22,NTPC.NS,0.006175199781255878
2017-12-22,ITC.NS,0.007978061088672907
2017-12-22,NESTLEIND.NS,0.004962854943690841
2017-12-22,BRITANNIA.NS,0.007964541781592876
2017-12-22,SUNPHARMA.NS,0.0036997518127720986
2017-12-22,DRREDDY.NS,0.00975791006821734
2017-12-22,APOLLOHOSP.NS,0.016269871859481477
2017-12-22,BHARTIARTL.NS,0.009269607075790737
2017-12-22,TATASTEEL.NS,0.004644651351415879
2017-12-22,DLF.NS,0.023845990450808596
2018-01-23,KOTAKBANK.NS,0.010176931052450428
2018-01-23,INFY.NS,-0.001543661082456887
2018-01-23,WIPRO.NS,0.006573295562010515
2018-01-23,TECHM.NS,0.009098456365848637
2018-01-23,ONGC.NS,0.0035471365650504246
2018-01-23,NTPC.NS,0.012064646113452995
2018-01-23,ITC.NS,0.0038135277313349684
2018-01-23,NESTLEIND.NS,0.010587416504838972
2018-01-23,BRITANNIA.NS,0.005154405209915676
2018-01-23,SUNPHARMA.NS,0.01433845629990402
2018-01-23,DRREDDY.NS,0.00664041498033276
2018-01-23,APOLLOHOSP.NS,0.01309285581494768
2018-01-23,BHARTIARTL.NS,0.014096714192717007
2018-01-23,TATASTEEL.NS,-0.0042386021329390376
2018-01-23,DLF.NS,0.013389582841350146
2018-02-23,KOTAKBANK.NS,0.008648505485278034
2018-02-23,INFY.NS,0.007118681247664353
2018-02-23,WIPRO.NS,0.011928844968995326
2018-02-23,TECHM.NS,0.012172632520222187
2018-02-23,ONGC.NS,0.008985310277835118
2018-02-23,NTPC.NS,0.009618060968282537
2018-02-23,ITC.NS,0.0071978027078990585
2018-02-23,NESTLEIND.NS,0.006266116708949335
2018-02-23,BRITANNIA.NS,0.005703481870611914
2018-02-23,SUNPHARMA.NS,0.012893603068290394
2018-02-23,DRREDDY.NS,0.012569501853773434
2018-02-23,APOLLOHOSP.NS,0.011417026701518214
2018-02-23,BHARTIARTL.NS,0.011882067995237947
2018-02-23,TATASTEEL.NS,0.014022559343412597
2018-02-23,DLF.NS,0.013772100124216523
2018-03-27,KOTAKBANK.NS,0.008099292468368097
2018-03-27,INFY.NS,0.007749349404417413
2018-03-27,WIPRO.NS,0.005651499981059787
2018-03-27,TECHM.NS,0.015327600440555509
2018-03-27,ONGC.NS,0.0048852923780565065
2018-03-27,NTPC.NS,0.005231327967753751
2018-03-27,ITC.NS,0.005991763265451397
2018-03-27,NESTLEIND.NS,0.003659975213245902
2018-03-27,BRITANNIA.NS,0.01023258976448798
2018-03-27,SUNPHARMA.NS,0.0075686299257514186
2018-03-27,DRREDDY.NS,0.008195360489122418
2018-03-27,APOLLOHOSP.NS,0.010495422000357687
2018-03-27,BHARTIARTL.NS,0.020850900067647633
2018-03-27,TATASTEEL.NS,0.0076812876982737645
2018-03-27,DLF.NS,0.033753393303782755
2018-04-27,KOTAKBANK.NS,0.008707389644450446
2018-04-27,INFY.NS,0.006608431072400336
2018-04-27,WIPRO.NS,0.000616565409186747
2018-04-27,TECHM.NS,0.011890352952903001
2018-04-27,ONGC.NS,0.0032995785210305053
2018-04-27,NTPC.NS,0.010944012010490877
2018-04-27,ITC.NS,0.012037311360424184
2018-04-27,NESTLEIND.NS,0.009945684700686937
2018-04-27,BRITANNIA.NS,0.004216090457477917
2018-04-27,SUNPHARMA.NS,-0.002630344719958134
2018-04-27,DRREDDY.NS,0.0020450561190015096
2018-04-27,APOLLOHOSP.NS,0.0008541136136940612
2018-04-27,BHARTIARTL.NS,0.03386656478876455
2018-04-27,TATASTEEL.NS,-0.00020863854762012663
2018-04-27,DLF.NS,-0.0021476297319464005
2018-05-29,KOTAKBANK.NS,0.011936914295591157
2018-05-29,INFY.NS,0.008867509862753616
2018-05-29,WIPRO.NS,0.0011090951339767052
2018-05-29,TECHM.NS,0.008539149627444361
2018-05-29,ONGC.NS,-0.0015528276445044397
2018-05-29,NTPC.NS,0.0011257849798667504
2018-05-29,ITC.NS,0.007931145733225752
2018-05-29,NESTLEIND.NS,0.012051384134425445
2018-05-29,BRITANNIA.NS,0.0069531593181236745
2018-05-29,SUNPHARMA.NS,-0.007819741886710842
2018-05-29,DRREDDY.NS,0.007677130881725399
2018-05-29,APOLLOHOSP.NS,0.0004765848086344963
2018-05-29,BHARTIARTL.NS,0.03275461179620331
2018-05-29,TATASTEEL.NS,0.020436005771410914
2018-05-29,DLF.NS,0.010366334616581697
2018-06-27,KOTAKBANK.NS,0.020130879171955614
2018-06-27,INFY.NS,0.012812168185750206
2018-06-27,WIPRO.NS,0.012698580779207574
2018-06-27,TECHM.NS,0.008611605876979227
2018-06-27,ONGC.NS,0.0371263116483799
2018-06-27,NTPC.NS,0.011236831698184105
2018-06-27,ITC.NS,0.010258971945788271
2018-06-27,NESTLEIND.NS,0.013392894400902803
2018-06-27,BRITANNIA.NS,0.014560032845518638
2018-06-27,SUNPHARMA.NS,0.010715306886147965
2018-06-27,DRREDDY.NS,0.0054623616723772144
2018-06-27,APOLLOHOSP.NS,-0.0017284479179903408
2018-06-27,BHARTIARTL.NS,0.0044332357330121985
2018-06-27,TATASTEEL.NS,0.02466567850210911
2018-06-27,DLF.NS,0.013634755904019273
2018-07-26,KOTAKBANK.NS,0.013457586541908638
2018-07-26,INFY.NS,0.02466241995946361
2018-07-26,WIPRO.NS,-0.0010962951171761622
2018-07-26,TECHM.NS,0.0028221886030231156
2018-07-26,ONGC.NS,0.010646830054324036
2018-07-26,NTPC.NS,-0.005168985513062756
2018-07-26,ITC.NS,0.007785602135794617
2018-07-26,NESTLEIND.NS,0.014433239669946155
2018-07-26,BRITANNIA.NS,0.013987867611238878
2018-07-26,SUNPHARMA.NS,0.010756922134798848
2018-07-26,DRREDDY.NS,0.008409814414714513
2018-07-26,APOLLOHOSP.NS,0.06897360233716374
2018-07-26,BHARTIARTL.NS,0.015269548785380982
2018-07-26,TATASTEEL.NS,0.03810158355068702
2018-07-26,DLF.NS,0.04713480604173061
2018-08-28,KOTAKBANK.NS,0.0019643798347076685
2018-08-28,INFY.NS,0.024621095529860672
2018-08-28,WIPRO.NS,0.016467975587261645
2018-08-28,TECHM.NS,0.02164768042986936
2018-08-28,ONGC.NS,0.0032426855458514005
2018-08-28,NTPC.NS,0.0195782290833828
2018-08-28,ITC.NS,0.02385332188489184
2018-08-28,NESTLEIND.NS,-0.0005649021452264173
2018-08-28,BRITANNIA.NS,0.007051927021520199
2018-08-28,SUNPHARMA.NS,0.02102918083891747
2018-08-28,DRREDDY.NS,0.031137549397278842
2018-08-28,APOLLOHOSP.NS,-0.040004966301880315
2018-08-28,BHARTIARTL.NS,0.0011579375025287718
2018-08-28,TATASTEEL.NS,0.008751754129275943
2018-08-28,DLF.NS,0.004358754568530729
2018-09-28,KOTAKBANK.NS,0.008697951985750279
2018-09-28,INFY.NS,0.012718916450284501
2018-09-28,WIPRO.NS,0.016666516933108992
2018-09-28,TECHM.NS,0.003287963811623515
2018-09-28,ONGC.NS,0.004157209600065313
2018-09-28,NTPC.NS,0.00806767544935714
2018-09-28,ITC.NS,0.008030620602251718
2018-09-28,NESTLEIND.NS,-0.005528377551437853
2018-09-28,BRITANNIA.NS,-0.003485969393200633
2018-09-28,SUNPHARMA.NS,0.0012304614192051604
2018-09-28,DRREDDY.NS,0.006837712386477115
2018-09-28,APOLLOHOSP.NS,0.013357651525736397
2018-09-28,BHARTIARTL.NS,0.017028032844518006
2018-09-28,TATASTEEL.NS,-0.012247301619152535
2018-09-28,DLF.NS,0.07949817048080753
2018-10-31,KOTAKBANK.NS,0.009975976107680338
2018-10-31,INFY.NS,-0.0036322419642857238
2018-10-31,WIPRO.NS,0.008632376187587136
2018-10-31,TECHM.NS,-0.003457646351957463
2018-10-31,ONGC.NS,-0.009948000533917267
2018-10-31,NTPC.NS,0.001846021951333653
2018-10-31,ITC.NS,-0.001571063049836874
2018-10-31,NESTLEIND.NS,-0.0043408666312878316
2018-10-31,BRITANNIA.NS,-0.006184072842583893
2018-10-31,SUNPHARMA.NS,-0.010872361163628948
2018-10-31,DRREDDY.NS,-0.0049743545374089536
2018-10-31,APOLLOHOSP.NS,0.036302668396293584
2018-10-31,BHARTIARTL.NS,0.10688617228629059
2018-10-31,TATASTEEL.NS,-0.011856324487021607
2018-10-31,DLF.NS,0.09449290306878529
2018-12-03,KOTAKBANK.NS,0.0030397723089820544
2018-12-03,INFY.NS,-0.004799791173481252
2018-12-03,WIPRO.NS,-0.002501189471971357
2018-12-03,TECHM.NS,-0.007476359308045738
2018-12-03,ONGC.NS,0.024453540650944426
2018-12-03,NTPC.NS,0.0066793962900483245
2018-12-03,ITC.NS,0.004009571222856482
2018-12-03,NESTLEIND.NS,0.009274665369297667
2018-12-03,BRITANNIA.NS,0.0009380907122812247
2018-12-03,SUNPHARMA.NS,0.05591249705044753
2018-12-03,DRREDDY.NS,-0.009915165870264787
2018-12-03,APOLLOHOSP.NS,-0.008304977222861307
2018-12-03,BHARTIARTL.NS,0.01317557808150059
2018-12-03,TATASTEEL.NS,0.00037938901509416615
2018-12-03,DLF.NS,0.028215721577028934
2019-01-02,KOTAKBANK.NS,0.012237499996013873
2019-01-02,INFY.NS,0.003478491474852056
2019-01-02,WIPRO.NS,0.008095716836554752
2019-01-02,TECHM.NS,0.013882810891337043
2019-01-02,ONGC.NS,-0.023088161285939532
2019-01-02,NTPC.NS,-4.2196580382024226e-05
2019-01-02,ITC.NS,0.008009067244144826
2019-01-02,NESTLEIND.NS,0.01035337609898272
2019-01-02,BRITANNIA.NS,0.006421363634618097
2019-01-02,SUNPHARMA.NS,0.06891046469275795
2019-01-02,DRREDDY.NS,0.0032090234155319635
2019-01-02,APOLLOHOSP.NS,-0.0012545929468662106
2019-01-02,BHARTIARTL.NS,0.025439149878319654
2019-01-02,TATASTEEL.NS,0.005590576926996968
2019-01-02,DLF.NS,0.0011359201433525218
2019-01-31,KOTAKBANK.NS,0.01881879902281242
2019-01-31,INFY.NS,0.008787118856128675
2019-01-31,WIPRO.NS,-0.0021542589313017393
2019-01-31,TECHM.NS,0.009833674413198603
2019-01-31,ONGC.NS,0.0036505960937641573
2019-01-31,NTPC.NS,0.001878068213347499
2019-01-31,ITC.NS,-0.0007490996498827874
2019-01-31,NESTLEIND.NS,0.0080521030445122
2019-01-31,BRITANNIA.NS,0.004842718133384835
2019-01-31,SUNPHARMA.NS,0.02453182459919524
2019-01-31,DRREDDY.NS,0.01716472750589004
2019-01-31,APOLLOHOSP.NS,-0.003911509095624733
2019-01-31,BHARTIARTL.NS,0.013320440982657951
2019-01-31,TATASTEEL.NS,0.009148998516399838
2019-01-31,DLF.NS,0.01590499696025081
2019-03-05,KOTAKBANK.NS,0.018550769898736618
2019-03-05,INFY.NS,0.006152703848064148
2019-03-05,WIPRO.NS,0.007767582724787398
2019-03-05,TECHM.NS,0.016034633308384123
2019-03-05,ONGC.NS,-0.010336642308140177
2019-03-05,NTPC.NS,-0.007934910460427594
2019-03-05,ITC.NS,0.008137502747133712
2019-03-05,NESTLEIND.NS,0.000761176252431239
2019-03-05,BRITANNIA.NS,-0.0004742804060153244
2019-03-05,SUNPHARMA.NS,0.027964339236965702
2019-03-05,DRREDDY.NS,0.012583238014344435
2019-03-05,APOLLOHOSP.NS,0.00799554782737907
2019-03-05,BHARTIARTL.NS,0.020988540832394594
2019-03-05,TATASTEEL.NS,-0.011073607362623698
2019-03-05,DLF.NS,0.03225271390205548
2019-04-05,KOTAKBANK.NS,0.01019297728167799
2019-04-05,INFY.NS,0.008779786292153754
2019-04-05,WIPRO.NS,0.011358064450824025
2019-04-05,TECHM.NS,0.03642074184228522
2019-04-05,ONGC.NS,0.0027978598390058875
2019-04-05,NTPC.NS,-0.002205527496298848
2019-04-05,ITC.NS,0.012051547808195154
2019-04-05,NESTLEIND.NS,0.009130511335254832
2019-04-05,BRITANNIA.NS,0.009282650465983356
2019-04-05,SUNPHARMA.NS,0.02028186361267991
2019-04-05,DRREDDY.NS,0.013093021307124917
2019-04-05,APOLLOHOSP.NS,0.006872441960651998
2019-04-05,BHARTIARTL.NS,0.00593339110836327
2019-04-05,TATASTEEL.NS,-0.012524461670252063
2019-04-05,DLF.NS,-0.0071212141948329985
2019-05-10,KOTAKBANK.NS,0.014804619749336237
2019-05-10,INFY.NS,0.00915633116728901
2019-05-10,WIPRO.NS,0.01168567026385401
2019-05-10,TECHM.NS,0.02741219012623335
2019-05-10,ONGC.NS,0.012369358110990573
2019-05-10,NTPC.NS,0.007437210395397533
2019-05-10,ITC.NS,0.01392000061927269
2019-05-10,NESTLEIND.NS,0.01117050203503495
2019-05-10,BRITANNIA.NS,0.018675829241028796
2019-05-10,SUNPHARMA.NS,0.007612872952579948
2019-05-10,DRREDDY.NS,0.011604539545893317
2019-05-10,APOLLOHOSP.NS,0.012947364460088394
2019-05-10,BHARTIARTL.NS,0.005105087853653325
2019-05-10,TATASTEEL.NS,0.0009701031000456803
2019-05-10,DLF.NS,-0.0009304488975485675
2019-06-11,KOTAKBANK.NS,0.010191587964750809
2019-06-11,INFY.NS,0.011107776555237682
2019-06-11,WIPRO.NS,0.009395321269096023
2019-06-11,TECHM.NS,0.011016290152399513
2019-06-11,ONGC.NS,0.008931434221264982
2019-06-11,NTPC.NS,0.010166473919753791
2019-06-11,ITC.NS,0.009545955874588292
2019-06-11,NESTLEIND.NS,0.007881205549115347
2019-06-11,BRITANNIA.NS,0.005799089031644904
2019-06-11,SUNPHARMA.NS,0.01607530515413309
2019-06-11,DRREDDY.NS,0.005318436824785809
2019-06-11,APOLLOHOSP.NS,0.0007142859795469019
2019-06-11,BHARTIARTL.NS,-0.004428712609607412
2019-06-11,TATASTEEL.NS,-0.003522237257102204
2019-06-11,DLF.NS,-0.019965118493558417
2019-07-10,KOTAKBANK.NS,0.006392587883880926
2019-07-10,INFY.NS,0.016862655916854256
2019-07-10,WIPRO.NS,0.011388475316108657
2019-07-10,TECHM.NS,0.0372588024984421
2019-07-10,ONGC.NS,-0.0020642246374635103
2019-07-10,NTPC.NS,0.0012060722763631829
2019-07-10,ITC.NS,0.004667411089345931
2019-07-10,NESTLEIND.NS,0.005815432792673294
2019-07-10,BRITANNIA.NS,0.0062926249176852075
2019-07-10,SUNPHARMA.NS,0.0013159665954146737
2019-07-10,DRREDDY.NS,0.009207281974568354
2019-07-10,APOLLOHOSP.NS,0.02367831805775326
2019-07-10,BHARTIARTL.NS,0.005531556990804656
2019-07-10,TATASTEEL.NS,0.002961864148295913
2019-07-10,DLF.NS,-0.007172248984008842
2019-08-08,KOTAKBANK.NS,0.006867870860462544
2019-08-08,INFY.NS,0.018099064269136884
2019-08-08,WIPRO.NS,-0.005778424771632142
2019-08-08,TECHM.NS,-0.008439448918753515
2019-08-08,ONGC.NS,0.009851722942024362
2019-08-08,NTPC.NS,-0.002102646417597286
2019-08-08,ITC.NS,-0.008404894479982685
2019-08-08,NESTLEIND.NS,0.004038871185924486
2019-08-08,BRITANNIA.NS,0.03330115835182223
2019-08-08,SUNPHARMA.NS,-0.01585730053081664
2019-08-08,DRREDDY.NS,0.00021989494176112855
2019-08-08,APOLLOHOSP.NS,0.021449976665456547
2019-08-08,BHARTIARTL.NS,-0.014621388462605073
2019-08-08,TATASTEEL.NS,0.0665319592145741
2019-08-08,DLF.NS,-0.035459242154224475
2019-09-12,KOTAKBANK.NS,0.019208552112782287
2019-09-12,INFY.NS,0.016264344288639723
2019-09-12,WIPRO.NS,0.01717388643892969
2019-09-12,TECHM.NS,0.004785297143318535
2019-09-12,ONGC.NS,0.03052691046850103
2019-09-12,NTPC.NS,-0.00875886377182309
2019-09-12,ITC.NS,0.0439324351246984
2019-09-12,NESTLEIND.NS,0.013423996642359014
2019-09-12,BRITANNIA.NS,0.03158050359801929
2019-09-12,SUNPHARMA.NS,-0.03256136318959587
2019-09-12,DRREDDY.NS,0.007141111331927165
2019-09-12,APOLLOHOSP.NS,-0.0003739885373336421
2019-09-12,BHARTIARTL.NS,0.0008792587437728559
2019-09-12,TATASTEEL.NS,0.02652684061966242
2019-09-12,DLF.NS,0.012735534589744496
2019-10-15,KOTAKBANK.NS,0.0021922619599014457
2019-10-15,INFY.NS,0.004070748228541287
2019-10-15,WIPRO.NS,0.0032684579306805376
2019-10-15,TECHM.NS,0.0050613464458686514
2019-10-15,ONGC.NS,0.004766937070944196
2019-10-15,NTPC.NS,0.00728228594661321
2019-10-15,ITC.NS,0.032994943393080116
2019-10-15,NESTLEIND.NS,0.0072548766126082275
2019-10-15,BRITANNIA.NS,-0.0022548631670824297
2019-10-15,SUNPHARMA.NS,0.006114531621268321
2019-10-15,DRREDDY.NS,0.00510249817208867
2019-10-15,APOLLOHOSP.NS,0.017103190222210712
2019-10-15,BHARTIARTL.NS,-0.026032367320191076
2019-10-15,TATASTEEL.NS,0.08747524319463836
2019-10-15,DLF.NS,0.07720858975368738
2019-11-15,KOTAKBANK.NS,0.009994281882511046
2019-11-15,INFY.NS,-0.0026954885495743377
2019-11-15,WIPRO.NS,0.0019847436490367403
2019-11-15,TECHM.NS,0.004354880806579386
2019-11-15,ONGC.NS,0.003255190628968583
2019-11-15,NTPC.NS,0.003986459745845654
2019-11-15,ITC.NS,0.015461544509768199
2019-11-15,NESTLEIND.NS,0.006125991676662952
2019-11-15,BRITANNIA.NS,0.007782783864521784
2019-11-15,SUNPHARMA.NS,0.004629266172853028
2019-11-15,DRREDDY.NS,0.004166370917407275
2019-11-15,APOLLOHOSP.NS,-0.003533392584384217
2019-11-15,BHARTIARTL.NS,-0.00849548558100976
2019-11-15,TATASTEEL.NS,0.002161985607268811
2019-11-15,DLF.NS,0.09137290525543473
2019-12-16,KOTAKBANK.NS,0.0073166087114467345
2019-12-16,INFY.NS,0.01800890019604033
2019-12-16,WIPRO.NS,0.02835818181754687
2019-12-16,TECHM.NS,0.006817834716110571
2019-12-16,ONGC.NS,0.02937492154965479
2019-12-16,NTPC.NS,0.013672776994257008
2019-12-16,ITC.NS,0.01697101707605245
2019-12-16,NESTLEIND.NS,0.00812560204827684
2019-12-16,BRITANNIA.NS,0.01389788069039409
2019-12-16,SUNPHARMA.NS,0.004521126057747531
2019-12-16,DRREDDY.NS,0.008575021051703354
2019-12-16,APOLLOHOSP.NS,-0.0050550336871869475
2019-12-16,BHARTIARTL.NS,0.000678611067021592
2019-12-16,TATASTEEL.NS,0.008452559825307312
2019-12-16,DLF.NS,-0.004258127836239577
2020-01-15,KOTAKBANK.NS,0.01172167060008357
2020-01-15,INFY.NS,0.015719865704382642
2020-01-15,WIPRO.NS,0.0010212763839178459
2020-01-15,TECHM.NS,0.007819843530421672
2020-01-15,ONGC.NS,0.008929133120696658
2020-01-15,NTPC.NS,0.006962514664682174
2020-01-15,ITC.NS,0.0027935888883281685
2020-01-15,NESTLEIND.NS,0.008441564726089184
2020-01-15,BRITANNIA.NS,0.014221654720173947
2020-01-15,SUNPHARMA.NS,0.00796681839637436
2020-01-15,DRREDDY.NS,0.010116284708964732
2020-01-15,APOLLOHOSP.NS,0.009272330740512907
2020-01-15,BHARTIARTL.NS,0.012754763691645995
2020-01-15,TATASTEEL.NS,-0.0033895334869362597
2020-01-15,DLF.NS,-0.02342092353056432
2020-02-13,KOTAKBANK.NS,0.0038824955235760594
2020-02-13,INFY.NS,0.006114814674210939
2020-02-13,WIPRO.NS,-0.0031597345574309837
2020-02-13,TECHM.NS,0.004373443065065213
2020-02-13,ONGC.NS,-0.03970623438069451
2020-02-13,NTPC.NS,-0.004197760262802687
2020-02-13,ITC.NS,-0.02420708032761494
2020-02-13,NESTLEIND.NS,-0.017074606613386518
2020-02-13,BRITANNIA.NS,0.005574761069062471
2020-02-13,SUNPHARMA.NS,-0.002445433625641939
2020-02-13,DRREDDY.NS,-0.0005973882279894054
2020-02-13,APOLLOHOSP.NS,0.004790059745381605
2020-02-13,BHARTIARTL.NS,-0.03972685715749915
2020-02-13,TATASTEEL.NS,-0.02650665979378398
2020-02-13,DLF.NS,-0.049518041333925275
2020-03-17,KOTAKBANK.NS,-0.059793778965813865
2020-03-17,INFY.NS,0.011919899560896228
2020-03-17,WIPRO.NS,-0.02274753014515494
2020-03-17,TECHM.NS,-0.012770918482379394
2020-03-17,ONGC.NS,0.12807904001343384
2020-03-17,NTPC.NS,-0.01508505909761894
2020-03-17,ITC.NS,0.055650469637140945
2020-03-17,NESTLEIND.NS,-0.008461680662489125
2020-03-17,BRITANNIA.NS,-0.08079062244018861
2020-03-17,SUNPHARMA.NS,0.04821688064710036
2020-03-17,DRREDDY.NS,-0.01978101421561608
2020-03-17,APOLLOHOSP.NS,-0.030702241069042582
2020-03-17,BHARTIARTL.NS,-0.06043337872179753
2020-03-17,TATASTEEL.NS,0.09961641243125625
2020-03-17,DLF.NS,0.046512076029580955
2020-04-21,KOTAKBANK.NS,0.03903737812804518
2020-04-21,INFY.NS,0.05659707624434978
2020-04-21,WIPRO.NS,0.05921745303854377
2020-04-21,TECHM.NS,0.015248660727417025
2020-04-21,ONGC.NS,0.04301156502164216
2020-04-21,NTPC.NS,0.026318823578859018
2020-04-21,ITC.NS,0.0068665669413198035
2020-04-21,NESTLEIND.NS,0.024860604521670677
2020-04-21,BRITANNIA.NS,0.06811775654032882
2020-04-21,SUNPHARMA.NS,0.029896727705194533
2020-04-21,DRREDDY.NS,-0.021050222540477684
2020-04-21,APOLLOHOSP.NS,0.03695362523505669
2020-04-21,BHARTIARTL.NS,0.0584718864756325
2020-04-21,TATASTEEL.NS,0.030281400286205327
2020-04-21,DLF.NS,0.01584540201531241
2020-05-21,KOTAKBANK.NS,0.10143200253819441
2020-05-21,INFY.NS,0.03705561220208581
2020-05-21,WIPRO.NS,0.07368751050769888
2020-05-21,TECHM.NS,0.08051799108828067
2020-05-21,ONGC.NS,0.10585066497289518
2020-05-21,NTPC.NS,0.07446185260059432
2020-05-21,ITC.NS,0.04110301241979463
2020-05-21,NESTLEIND.NS,0.024853495256155586
2020-05-21,BRITANNIA.NS,0.04507335853682431
2020-05-21,SUNPHARMA.NS,0.04226105175368155
2020-05-21,DRREDDY.NS,0.015452835147493682
2020-05-21,APOLLOHOSP.NS,0.05791563625616574
2020-05-21,BHARTIARTL.NS,0.012322754418868325
2020-05-21,TATASTEEL.NS,0.08800546053694093
2020-05-21,DLF.NS,0.11332176864201668
2020-06-22,KOTAKBANK.NS,0.031160579633596204
2020-06-22,INFY.NS,0.039835160763464536
2020-06-22,WIPRO.NS,0.02938601577793448
2020-06-22,TECHM.NS,0.06142807016786162
2020-06-22,ONGC.NS,0.026346433784774193
2020-06-22,NTPC.NS,0.03323791479754309
2020-06-22,ITC.NS,0.041500524393983176
2020-06-22,NESTLEIND.NS,0.039294208145490256
2020-06-22,BRITANNIA.NS,0.044845607793933366
2020-06-22,SUNPHARMA.NS,0.020872149440719277
2020-06-22,DRREDDY.NS,0.011312883808635639
2020-06-22,APOLLOHOSP.NS,0.03784237184163623
2020-06-22,BHARTIARTL.NS,0.019051940050860954
2020-06-22,TATASTEEL.NS,0.03774542924098162
2020-06-22,DLF.NS,0.03757457366533094
2020-07-21,KOTAKBANK.NS,0.04910681554405818
2020-07-21,INFY.NS,-0.0006135113381491188
2020-07-21,WIPRO.NS,-0.002128358022985221
2020-07-21,TECHM.NS,0.03440416439960853
2020-07-21,ONGC.NS,0.04466082002782697
2020-07-21,NTPC.NS,0.034352520199751456
2020-07-21,ITC.NS,0.014702499002175197
2020-07-21,NESTLEIND.NS,-0.0026679397449785253
2020-07-21,BRITANNIA.NS,-0.022684438621335307
2020-07-21,SUNPHARMA.NS,-0.000443676441596798
2020-07-21,DRREDDY.NS,-0.0017176651927255844
2020-07-21,APOLLOHOSP.NS,0.0019596680004780095
2020-07-21,BHARTIARTL.NS,0.015624992617718976
2020-07-21,TATASTEEL.NS,0.036928231367363513
2020-07-21,DLF.NS,0.07736441772505512
2020-08-19,KOTAKBANK.NS,0.025107859777162112
2020-08-19,INFY.NS,-0.0035767823037347202
2020-08-19,WIPRO.NS,0.04157469708083832
2020-08-19,TECHM.NS,-0.0007619205163147172
2020-08-19,ONGC.NS,0.010343393309167996
2020-08-19,NTPC.NS,0.017514548558677002
2020-08-19,ITC.NS,-0.001092629642646078
2020-08-19,NESTLEIND.NS,-0.010142816630284759
2020-08-19,BRITANNIA.NS,-0.016118835338083778
2020-08-19,SUNPHARMA.NS,-0.01636002762525879
2020-08-19,DRREDDY.NS,-0.013667314401859549
2020-08-19,APOLLOHOSP.NS,-0.014680663517758739
2020-08-19,BHARTIARTL.NS,-0.0015952543814435104
2020-08-19,TATASTEEL.NS,-0.016649027056294282
2020-08-19,DLF.NS,0.032191135333450055
2020-09-17,KOTAKBANK.NS,-0.007523307426478326
2020-09-17,INFY.NS,-0.007719056818211362
2020-09-17,WIPRO.NS,0.04453010398337865
2020-09-17,TECHM.NS,-0.027992687982910002
2020-09-17,ONGC.NS,-0.010034554150898298
2020-09-17,NTPC.NS,0.0012391394950283803
2020-09-17,ITC.NS,-0.019438258897895796
2020-09-17,NESTLEIND.NS,-0.009673377494720277
2020-09-17,BRITANNIA.NS,-0.01373744108134295
2020-09-17,SUNPHARMA.NS,-0.013906441090203744
2020-09-17,DRREDDY.NS,-0.014931532982707477
2020-09-17,APOLLOHOSP.NS,-0.006545719926303598
2020-09-17,BHARTIARTL.NS,-0.005591410491593504
2020-09-17,TATASTEEL.NS,-0.020613036790929223
2020-09-17,DLF.NS,0.034541565649899075
2020-10-19,KOTAKBANK.NS,0.010487547641828047
2020-10-19,INFY.NS,-0.01099675096630623
2020-10-19,WIPRO.NS,-0.0017759100348840285
2020-10-19,TECHM.NS,-0.0031529862687980285
2020-10-19,ONGC.NS,0.0365366344851018
2020-10-19,NTPC.NS,0.023021528772773605
2020-10-19,ITC.NS,0.005509455697298882
2020-10-19,NESTLEIND.NS,-0.0002963665046673033
2020-10-19,BRITANNIA.NS,-0.01306978154880789
2020-10-19,SUNPHARMA.NS,-9.043082385756552e-05
2020-10-19,DRREDDY.NS,0.0075113321900168815
2020-10-19,APOLLOHOSP.NS,-0.006790120200680923
2020-10-19,BHARTIARTL.NS,0.023870606919758383
2020-10-19,TATASTEEL.NS,0.007586321997636859
2020-10-19,DLF.NS,0.03390680824310844
2020-11-17,KOTAKBANK.NS,0.018996278558795758
2020-11-17,INFY.NS,0.017167612837697827
2020-11-17,WIPRO.NS,0.039246739986382305
2020-11-17,TECHM.NS,0.03927472319673251
2020-11-17,ONGC.NS,0.061705028294570995
2020-11-17,NTPC.NS,0.013127973409756265
2020-11-17,ITC.NS,0.00505981122855433
2020-11-17,NESTLEIND.NS,-0.0005359924524635545
2020-11-17,BRITANNIA.NS,-0.00692019876365832
2020-11-17,SUNPHARMA.NS,0.0246837501335453
2020-11-17,DRREDDY.NS,0.0191882738641509
2020-11-17,APOLLOHOSP.NS,0.02493248348038051
2020-11-17,BHARTIARTL.NS,0.034667597516186394
2020-11-17,TATASTEEL.NS,0.04394378173884433
2020-11-17,DLF.NS,0.037483536277197915
2020-12-17,KOTAKBANK.NS,0.014474165043130803
2020-12-17,INFY.NS,0.05632945403767106
2020-12-17,WIPRO.NS,0.0867972667253273
2020-12-17,TECHM.NS,0.07213272726907718
2020-12-17,ONGC.NS,0.02664982850004871
2020-12-17,NTPC.NS,0.036907510969314064
2020-12-17,ITC.NS,0.0023798230482837755
2020-12-17,NESTLEIND.NS,-0.0016385119245422505
2020-12-17,BRITANNIA.NS,-0.015303130751378473
2020-12-17,SUNPHARMA.NS,0.03042297714091692
2020-12-17,DRREDDY.NS,0.025293815312834284
2020-12-17,APOLLOHOSP.NS,0.058258166066412896
2020-12-17,BHARTIARTL.NS,0.039546563320886664
2020-12-17,TATASTEEL.NS,0.06332325095104195
2020-12-17,DLF.NS,0.04775734694227161
2021-01-18,KOTAKBANK.NS,0.036668017465522285
2021-01-18,INFY.NS,0.004365625066897807
2021-01-18,WIPRO.NS,-0.005142802831859419
2021-01-18,TECHM.NS,0.055349756569463296
2021-01-18,ONGC.NS,0.03738334685914118
2021-01-18,NTPC.NS,0.0365360107377809
2021-01-18,ITC.NS,-0.002754684579657704
2021-01-18,NESTLEIND.NS,-0.009682793421967538
2021-01-18,BRITANNIA.NS,-0.01928045191568289
2021-01-18,SUNPHARMA.NS,0.010616733553817174
2021-01-18,DRREDDY.NS,-0.0038504751274078732
2021-01-18,APOLLOHOSP.NS,0.05561811163894407
2021-01-18,BHARTIARTL.NS,0.038129931231627265
2021-01-18,TATASTEEL.NS,0.06453763916755911
2021-01-18,DLF.NS,0.07955233115919856
2021-02-17,KOTAKBANK.NS,0.007985296920528009
2021-02-17,INFY.NS,0.004644524321775434
2021-02-17,WIPRO.NS,0.014776220806811135
2021-02-17,TECHM.NS,0.010573922468830035
2021-02-17,ONGC.NS,0.06865890445105817
2021-02-17,NTPC.NS,0.036155081888557636
2021-02-17,ITC.NS,0.018013396624409306
2021-02-17,NESTLEIND.NS,-0.01667448622685973
2021-02-17,BRITANNIA.NS,-0.04922496535212904
2021-02-17,SUNPHARMA.NS,0.034469401365090295
2021-02-17,DRREDDY.NS,-0.011900838640308484
2021-02-17,APOLLOHOSP.NS,0.02397846185328371
2021-02-17,BHARTIARTL.NS,0.03253096193506967
2021-02-17,TATASTEEL.NS,0.0808541983187603
2021-02-17,DLF.NS,0.04213882105187583
2021-03-19,KOTAKBANK.NS,0.025395681385566447
2021-03-19,INFY.NS,0.005403920180068529
2021-03-19,WIPRO.NS,0.029338429348395742
2021-03-19,TECHM.NS,0.03133576302088265
2021-03-19,ONGC.NS,0.05569372075805113
2021-03-19,NTPC.NS,0.02396993337422115
2021-03-19,ITC.NS,0.02411889134907072
2021-03-19,NESTLEIND.NS,-0.015284816163681535
2021-03-19,BRITANNIA.NS,-0.03141785518584147
2021-03-19,SUNPHARMA.NS,0.014773419960379725
2021-03-19,DRREDDY.NS,0.02252933285604191
2021-03-19,APOLLOHOSP.NS,0.0587015076976227
2021-03-19,BHARTIARTL.NS,0.03943139225598099
2021-03-19,TATASTEEL.NS,0.08545390924286786
2021-03-19,DLF.NS,0.0405199957181637
2021-04-23,KOTAKBANK.NS,0.038825407377537105
2021-04-23,INFY.NS,0.006257654635308029
2021-04-23,WIPRO.NS,0.01663687345321745
2021-04-23,TECHM.NS,0.03844363285603645
2021-04-23,ONGC.NS,0.04745305422828673
2021-04-23,NTPC.NS,0.03410336891229511
2021-04-23,ITC.NS,-0.0009069529423662879
2021-04-23,NESTLEIND.NS,0.008859705185099773
2021-04-23,BRITANNIA.NS,0.008598323858227288
2021-04-23,SUNPHARMA.NS,0.019994252592736097
2021-04-23,DRREDDY.NS,0.03645623394738296
2021-04-23,APOLLOHOSP.NS,0.03918769876247299
2021-04-23,BHARTIARTL.NS,0.011252654897692513
2021-04-23,TATASTEEL.NS,0.14255754671935403
2021-04-23,DLF.NS,0.04848639735462736
2021-05-25,KOTAKBANK.NS,0.04270636509727348
2021-05-25,INFY.NS,-0.007383442878309315
2021-05-25,WIPRO.NS,0.03181380857309764
2021-05-25,TECHM.NS,0.003909175134883324
2021-05-25,ONGC.NS,0.08458266329226954
2021-05-25,NTPC.NS,0.023673116987763743
2021-05-25,ITC.NS,-0.004103062540361607
2021-05-25,NESTLEIND.NS,-0.0028339145503183923
2021-05-25,BRITANNIA.NS,0.012374451553842954
2021-05-25,SUNPHARMA.NS,-0.008514603169334339
2021-05-25,DRREDDY.NS,-0.0053148570780477385
2021-05-25,APOLLOHOSP.NS,0.03998032116507316
2021-05-25,BHARTIARTL.NS,-0.0017294760835186126
2021-05-25,TATASTEEL.NS,0.08724775257385325
2021-05-25,DLF.NS,0.06317575942868554
2021-06-23,KOTAKBANK.NS,-0.003064377648659265
2021-06-23,INFY.NS,-0.007077257517889666
2021-06-23,WIPRO.NS,0.030671039473294234
2021-06-23,TECHM.NS,0.005285530556988402
2021-06-23,ONGC.NS,0.031228399245024772
2021-06-23,NTPC.NS,0.005836107064533678
2021-06-23,ITC.NS,-0.005843249999973646
2021-06-23,NESTLEIND.NS,0.0017035169558095062
2021-06-23,BRITANNIA.NS,-0.006917409425583689
2021-06-23,SUNPHARMA.NS,-0.0026525818853934424
2021-06-23,DRREDDY.NS,-0.0009163765487071255
2021-06-23,APOLLOHOSP.NS,0.008405359407306296
2021-06-23,BHARTIARTL.NS,-0.005012069436553679
2021-06-23,TATASTEEL.NS,0.08897452220471085
2021-06-23,DLF.NS,0.05370777409479229
2021-07-23,KOTAKBANK.NS,0.00501193449404093
2021-07-23,INFY.NS,-0.01668607686611381
2021-07-23,WIPRO.NS,0.004708606331585558
2021-07-23,TECHM.NS,0.003948961814959401
2021-07-23,ONGC.NS,0.018860612623721427
2021-07-23,NTPC.NS,0.008220673444406357
2021-07-23,ITC.NS,-0.008667764085630417
2021-07-23,NESTLEIND.NS,-0.0113039449414684
2021-07-23,BRITANNIA.NS,-0.02279410213901673
2021-07-23,SUNPHARMA.NS,0.004870746690726383
2021-07-23,DRREDDY.NS,0.008918090301857466
2021-07-23,APOLLOHOSP.NS,0.007946192398050854
2021-07-23,BHARTIARTL.NS,0.010244488039617989
2021-07-23,TATASTEEL.NS,0.06799896060042958
2021-07-23,DLF.NS,0.02662382723209192
2021-08-24,KOTAKBANK.NS,0.014659199972346118
2021-08-24,INFY.NS,0.009549902131796045
2021-08-24,WIPRO.NS,0.023085917725415288
2021-08-24,TECHM.NS,0.02471268353794352
2021-08-24,ONGC.NS,0.010595258167229631
2021-08-24,NTPC.NS,0.006866109140968082
2021-08-24,ITC.NS,0.0025228820564190428
2021-08-24,NESTLEIND.NS,0.013570925807566171
2021-08-24,BRITANNIA.NS,0.016307197211729574
2021-08-24,SUNPHARMA.NS,0.012576140646304345
2021-08-24,DRREDDY.NS,-0.013304227866508238
2021-08-24,APOLLOHOSP.NS,0.021513176514504514
2021-08-24,BHARTIARTL.NS,0.018709314566314025
2021-08-24,TATASTEEL.NS,0.05646008760393138
2021-08-24,DLF.NS,0.031474128141376005
2021-09-23,KOTAKBANK.NS,0.014922196664701346
2021-09-23,INFY.NS,0.009225520539853562
2021-09-23,WIPRO.NS,0.03132165571740379
2021-09-23,TECHM.NS,0.013585837194690031
2021-09-23,ONGC.NS,0.014309711349880369
2021-09-23,NTPC.NS,0.02642926727525813
2021-09-23,ITC.NS,0.033272062452571895
2021-09-23,NESTLEIND.NS,0.010998061434004346
2021-09-23,BRITANNIA.NS,0.005572731859789938
2021-09-23,SUNPHARMA.NS,0.02530329057675555
2021-09-23,DRREDDY.NS,0.003444693186483143
2021-09-23,APOLLOHOSP.NS,0.006959064540832643
2021-09-23,BHARTIARTL.NS,0.017288311214989253
2021-09-23,TATASTEEL.NS,0.05683600570715485
2021-09-23,DLF.NS,0.016954594217438265
2021-10-25,KOTAKBANK.NS,0.019219289623798912
2021-10-25,INFY.NS,0.01840814236504124
2021-10-25,WIPRO.NS,0.013446357352063112
2021-10-25,TECHM.NS,0.03684920637404
2021-10-25,ONGC.NS,-0.00018153264697181692
2021-10-25,NTPC.NS,0.011352065942465574
2021-10-25,ITC.NS,0.018154594960290718
2021-10-25,NESTLEIND.NS,0.0019192675763070892
2021-10-25,BRITANNIA.NS,-0.010944864995932497
2021-10-25,SUNPHARMA.NS,0.015038398902235448
2021-10-25,DRREDDY.NS,-0.014721718058176817
2021-10-25,APOLLOHOSP.NS,0.04847345006098345
2021-10-25,BHARTIARTL.NS,0.038198216137051294
2021-10-25,TATASTEEL.NS,0.05103022051916976
2021-10-25,DLF.NS,0.043991064436715854
2021-11-25,KOTAKBANK.NS,0.0077076388476916575
2021-11-25,INFY.NS,0.014822208178670764
2021-11-25,WIPRO.NS,0.011296081677100521
2021-11-25,TECHM.NS,0.03527523351897782
2021-11-25,ONGC.NS,0.03479043864339191
2021-11-25,NTPC.NS,0.029723108325921625
2021-11-25,ITC.NS,0.028151453231698723
2021-11-25,NESTLEIND.NS,0.0069308957443278375
2021-11-25,BRITANNIA.NS,0.015596662645636075
2021-11-25,SUNPHARMA.NS,0.01835072952201635
2021-11-25,DRREDDY.NS,0.003873259983740456
2021-11-25,APOLLOHOSP.NS,0.0034213892663023755
2021-11-25,BHARTIARTL.NS,0.03413135906498146
2021-11-25,TATASTEEL.NS,-0.059050542449206773
2021-11-25,DLF.NS,0.032252206533555455
2021-12-24,KOTAKBANK.NS,0.013429129709703851
2021-12-24,INFY.NS,0.02367152172370802
2021-12-24,WIPRO.NS,0.024196116759819107
2021-12-24,TECHM.NS,0.06108865465966398
2021-12-24,ONGC.NS,0.04674083984720259
2021-12-24,NTPC.NS,0.046730602085598066
2021-12-24,ITC.NS,0.039043422867886424
2021-12-24,NESTLEIND.NS,0.014640072143861937
2021-12-24,BRITANNIA.NS,0.016968429993674972
2021-12-24,SUNPHARMA.NS,0.02833452171010366
2021-12-24,DRREDDY.NS,0.017718602469056658
2021-12-24,APOLLOHOSP.NS,0.03948503342620044
2021-12-24,BHARTIARTL.NS,0.01535848207326952
2021-12-24,TATASTEEL.NS,0.0706115886672797
2021-12-24,DLF.NS,0.047707062951896737
2022-01-24,KOTAKBANK.NS,0.03397390451233587
2022-01-24,INFY.NS,0.007981243817459759
2022-01-24,WIPRO.NS,-0.020769041726894748
2022-01-24,TECHM.NS,0.027890619508295605
2022-01-24,ONGC.NS,0.04055529536719183
2022-01-24,NTPC.NS,0.013500592776716003
2022-01-24,ITC.NS,0.012073762138672202
2022-01-24,NESTLEIND.NS,-0.007343640718625252
2022-01-24,BRITANNIA.NS,0.0065077318043192675
2022-01-24,SUNPHARMA.NS,0.014932940378712178
2022-01-24,DRREDDY.NS,-0.030699783897818324
2022-01-24,APOLLOHOSP.NS,0.04632385683282947
2022-01-24,BHARTIARTL.NS,0.015877627997427857
2022-01-24,TATASTEEL.NS,0.07684993430189489
2022-01-24,DLF.NS,0.029231250479245723
2022-02-23,KOTAKBANK.NS,0.03440604160729961
2022-02-23,INFY.NS,0.027208751809558247
2022-02-23,WIPRO.NS,0.060773888899329845
2022-02-23,TECHM.NS,0.059778538692790435
2022-02-23,ONGC.NS,0.02827735078992575
2022-02-23,NTPC.NS,0.012588164438933522
2022-02-23,ITC.NS,0.010771062438878432
2022-02-23,NESTLEIND.NS,0.009235090630496575
2022-02-23,BRITANNIA.NS,0.020829760990035463
2022-02-23,SUNPHARMA.NS,0.014727662627598554
2022-02-23,DRREDDY.NS,0.014641870747515773
2022-02-23,APOLLOHOSP.NS,0.04180022420553758
2022-02-23,BHARTIARTL.NS,0.0194098096456432
2022-02-23,TATASTEEL.NS,0.059776389357237156
2022-02-23,DLF.NS,0.04077392156954784
2022-03-28,KOTAKBANK.NS,0.05700385771973021
2022-03-28,INFY.NS,0.02573506148895667
2022-03-28,WIPRO.NS,0.029270212361206784
2022-03-28,TECHM.NS,0.041872609005214355
2022-03-28,ONGC.NS,0.026906008969141967
2022-03-28,NTPC.NS,0.022633016296643556
2022-03-28,ITC.NS,0.020775459492464492
2022-03-28,NESTLEIND.NS,0.04106274727006678
2022-03-28,BRITANNIA.NS,0.0729111034331892
2022-03-28,SUNPHARMA.NS,0.023707113491786082
2022-03-28,DRREDDY.NS,0.026117283165397402
2022-03-28,APOLLOHOSP.NS,0.048755772619315775
2022-03-28,BHARTIARTL.NS,0.032034662976254784
2022-03-28,TATASTEEL.NS,0.07005222526352003
2022-03-28,DLF.NS,0.056398552974577104
2022-04-28,KOTAKBANK.NS,0.03672600381616221
2022-04-28,INFY.NS,0.010989473600500493
2022-04-28,WIPRO.NS,0.024337063261295158
2022-04-28,TECHM.NS,0.03475682193877098
2022-04-28,ONGC.NS,0.03570030987152222
2022-04-28,NTPC.NS,-0.00036639463888317073
2022-04-28,ITC.NS,0.023715440227449144
2022-04-28,NESTLEIND.NS,0.016093648505231855
2022-04-28,BRITANNIA.NS,0.006393438794355793
2022-04-28,SUNPHARMA.NS,0.022559597858363103
2022-04-28,DRREDDY.NS,0.019850045224502327
2022-04-28,APOLLOHOSP.NS,0.025435471286935674
2022-04-28,BHARTIARTL.NS,0.027269156736951666
2022-04-28,TATASTEEL.NS,0.05407272246807387
2022-04-28,DLF.NS,0.03936887534161294
2022-05-30,KOTAKBANK.NS,0.01141015812705587
2022-05-30,INFY.NS,0.03667868848107729
2022-05-30,WIPRO.NS,0.0255467450082243
2022-05-30,TECHM.NS,0.04186262316881002
2022-05-30,ONGC.NS,0.02375234732302048
2022-05-30,NTPC.NS,0.02017562864244131
2022-05-30,ITC.NS,0.013958854749510637
2022-05-30,NESTLEIND.NS,0.024167637414225427
2022-05-30,BRITANNIA.NS,0.016509966064179402
2022-05-30,SUNPHARMA.NS,0.02650003621235071
2022-05-30,DRREDDY.NS,0.019538649344682787
2022-05-30,APOLLOHOSP.NS,0.03851768366256179
2022-05-30,BHARTIARTL.NS,0.02234693657269787
2022-05-30,TATASTEEL.NS,0.048812046381657426
2022-05-30,DLF.NS,0.028375352031981157
2022-06-28,KOTAKBANK.NS,0.019869875833356188
2022-06-28,INFY.NS,0.030732116929419604
2022-06-28,WIPRO.NS,-0.023891883368465
2022-06-28,TECHM.NS,-0.003265915120695061
2022-06-28,ONGC.NS,0.02344004926908147
2022-06-28,NTPC.NS,0.03201425010888729
2022-06-28,ITC.NS,0.026107283939934712
2022-06-28,NESTLEIND.NS,0.031631349330471244
2022-06-28,BRITANNIA.NS,0.033508443309694706
2022-06-28,SUNPHARMA.NS,0.023521573511946586
2022-06-28,DRREDDY.NS,0.02299988363402435
2022-06-28,APOLLOHOSP.NS,0.050913336470926815
2022-06-28,BHARTIARTL.NS,0.023349174819161125
2022-06-28,TATASTEEL.NS,0.02531322514312507
2022-06-28,DLF.NS,0.039129999010634534
2022-07-27,KOTAKBANK.NS,0.015657609964090047
2022-07-27,INFY.NS,0.037842578204966164
2022-07-27,WIPRO.NS,0.018913827573008933
2022-07-27,TECHM.NS,0.042709820267950116
2022-07-27,ONGC.NS,0.06349405148988063
2022-07-27,NTPC.NS,0.018635921014636302
2022-07-27,ITC.NS,0.019174870594208464
2022-07-27,NESTLEIND.NS,0.018880622853649727
2022-07-27,BRITANNIA.NS,0.015399925988163204
2022-07-27,SUNPHARMA.NS,0.019843882933023953
2022-07-27,DRREDDY.NS,0.013066742289571238
2022-07-27,APOLLOHOSP.NS,0.013174372200359287
2022-07-27,BHARTIARTL.NS,0.024313604151299913
2022-07-27,TATASTEEL.NS,0.05681287142401807
2022-07-27,DLF.NS,0.015955278005867823
2022-08-29,KOTAKBANK.NS,0.014957785050501386
2022-08-29,INFY.NS,0.02302517789688714
2022-08-29,WIPRO.NS,-0.000327210496819552
2022-08-29,TECHM.NS,-0.00528282207570612
2022-08-29,ONGC.NS,0.01385102060732524
2022-08-29,NTPC.NS,0.013083491746046698
2022-08-29,ITC.NS,0.036042121554110414
2022-08-29,NESTLEIND.NS,0.013468161512554018
2022-08-29,BRITANNIA.NS,0.017766653685530688
2022-08-29,SUNPHARMA.NS,0.019265810378225272
2022-08-29,DRREDDY.NS,0.02563570488980656
2022-08-29,APOLLOHOSP.NS,0.02448441012873298
2022-08-29,BHARTIARTL.NS,0.013486151235548692
2022-08-29,TATASTEEL.NS,0.01939641996767419
2022-08-29,DLF.NS,0.028114179735797523
2022-09-28,KOTAKBANK.NS,0.023503643925366677
2022-09-28,INFY.NS,0.02685296176111595
2022-09-28,WIPRO.NS,-0.0025520736586768463
2022-09-28,TECHM.NS,-0.0011906369992976233
2022-09-28,ONGC.NS,0.01730448605521682
2022-09-28,NTPC.NS,0.027680496442247952
2022-09-28,ITC.NS,0.017873480417748295
2022-09-28,NESTLEIND.NS,0.029197197440562518
2022-09-28,BRITANNIA.NS,0.014514956248782816
2022-09-28,SUNPHARMA.NS,0.01829647895904649
2022-09-28,DRREDDY.NS,0.02447962852887413
2022-09-28,APOLLOHOSP.NS,0.026846122203948622
2022-09-28,BHARTIARTL.NS,0.012008777949831805
2022-09-28,TATASTEEL.NS,0.02949240783897845
2022-09-28,DLF.NS,0.01690823722072713
2022-10-31,KOTAKBANK.NS,0.02148684141887429
2022-10-31,INFY.NS,0.01670614911704225
2022-10-31,WIPRO.NS,0.024750027512974428
2022-10-31,TECHM.NS,0.023745263627597348
2022-10-31,ONGC.NS,0.021627414366849385
2022-10-31,NTPC.NS,0.012349171768254135
2022-10-31,ITC.NS,0.013427223112697732
2022-10-31,NESTLEIND.NS,0.011009066475081774
2022-10-31,BRITANNIA.NS,0.030411669916800815
2022-10-31,SUNPHARMA.NS,0.01443272998564922
2022-10-31,DRREDDY.NS,0.022953754242637375
2022-10-31,APOLLOHOSP.NS,0.007834770513081209
2022-10-31,BHARTIARTL.NS,0.013449629746181494
2022-10-31,TATASTEEL.NS,0.02177209835623221
2022-10-31,DLF.NS,0.014376559896195724
2022-11-30,KOTAKBANK.NS,0.02252610759698774
2022-11-30,INFY.NS,0.010245769567316227
2022-11-30,WIPRO.NS,0.010889526255479402
2022-11-30,TECHM.NS,0.019182321068961998
2022-11-30,ONGC.NS,0.015250582169167757
2022-11-30,NTPC.NS,0.026145791197094988
2022-11-30,ITC.NS,0.027506052669475867
2022-11-30,NESTLEIND.NS,0.027266812154286467
2022-11-30,BRITANNIA.NS,0.025895135307279955
2022-11-30,SUNPHARMA.NS,0.018711548641949925
2022-11-30,DRREDDY.NS,0.023734276742771492
2022-11-30,APOLLOHOSP.NS,0.010251988706315052
2022-11-30,BHARTIARTL.NS,0.019213796527643
2022-11-30,TATASTEEL.NS,0.009293999195983539
2022-11-30,DLF.NS,0.009988722516253302
2022-12-29,KOTAKBANK.NS,0.02431722228986495
2022-12-29,INFY.NS,0.0259916098872528
2022-12-29,WIPRO.NS,0.02103945407402722
2022-12-29,TECHM.NS,0.02672784020306129
2022-12-29,ONGC.NS,0.014309368213518879
2022-12-29,NTPC.NS,0.02851960080949618
2022-12-29,ITC.NS,0.031135553255699437
2022-12-29,NESTLEIND.NS,0.024090402309073965
2022-12-29,BRITANNIA.NS,0.03268495609599649
2022-12-29,SUNPHARMA.NS,0.022271250807498883
2022-12-29,DRREDDY.NS,0.02409478331447093
2022-12-29,APOLLOHOSP.NS,0.024415096544725467
2022-12-29,BHARTIARTL.NS,0.02129345138929204
2022-12-29,TATASTEEL.NS,0.005995618352812019
2022-12-29,DLF.NS,0.0290174219320582
2023-01-30,KOTAKBANK.NS,0.024030288738219763
2023-01-30,INFY.NS,0.023057145526923346
2023-01-30,WIPRO.NS,0.019513851087186083
2023-01-30,TECHM.NS,0.022342189913738108
2023-01-30,ONGC.NS,0.023087650343110656
2023-01-30,NTPC.NS,0.01390266742296084
2023-01-30,ITC.NS,0.029814358877082666
2023-01-30,NESTLEIND.NS,0.0201607840759378
2023-01-30,BRITANNIA.NS,0.022384243305989242
2023-01-30,SUNPHARMA.NS,0.022029552115267026
2023-01-30,DRREDDY.NS,0.021735945973534038
2023-01-30,APOLLOHOSP.NS,0.023914573394003935
2023-01-30,BHARTIARTL.NS,0.022834795940373357
2023-01-30,TATASTEEL.NS,0.0010426827352997775
2023-01-30,DLF.NS,0.02277662165919596
2023-02-28,KOTAKBANK.NS,0.014729328904216785
2023-02-28,INFY.NS,0.01385349073182953
2023-02-28,WIPRO.NS,0.014167204162969132
2023-02-28,TECHM.NS,0.0018977253862871963
2023-02-28,ONGC.NS,0.007881528358709927
2023-02-28,NTPC.NS,0.009949432253103789
2023-02-28,ITC.NS,0.0054872840854410685
2023-02-28,NESTLEIND.NS,0.019369630035543494
2023-02-28,BRITANNIA.NS,0.014179685774334629
2023-02-28,SUNPHARMA.NS,0.015226027945056977
2023-02-28,DRREDDY.NS,0.018286179419188486
2023-02-28,APOLLOHOSP.NS,0.01479039425029217
2023-02-28,BHARTIARTL.NS,0.018294584034656575
2023-02-28,TATASTEEL.NS,0.016127790572872173
2023-02-28,DLF.NS,0.02228904764331376
2023-03-31,KOTAKBANK.NS,0.020963243028781258
2023-03-31,INFY.NS,0.019192571108045075
2023-03-31,WIPRO.NS,0.016383253472296327
2023-03-31,TECHM.NS,0.007835555701006585
2023-03-31,ONGC.NS,0.023949987564298343
2023-03-31,NTPC.NS,0.015088074532834284
2023-03-31,ITC.NS,0.015022269723593006
2023-03-31,NESTLEIND.NS,0.008766787760008108
2023-03-31,BRITANNIA.NS,0.025264192390842873
2023-03-31,SUNPHARMA.NS,0.026722588571988785
2023-03-31,DRREDDY.NS,0.027323278850651694
2023-03-31,APOLLOHOSP.NS,0.0200690109036611
2023-03-31,BHARTIARTL.NS,0.02137849051635461
2023-03-31,TATASTEEL.NS,0.024286948732802724
2023-03-31,DLF.NS,0.026779362239857458
2023-05-05,KOTAKBANK.NS,0.013357840583637056
2023-05-05,INFY.NS,0.022698661821452276
2023-05-05,WIPRO.NS,0.005552911363542207
2023-05-05,TECHM.NS,0.025613184501804664
2023-05-05,ONGC.NS,0.010181937734603106
2023-05-05,NTPC.NS,0.025653725451405117
2023-05-05,ITC.NS,0.01413249389754383
2023-05-05,NESTLEIND.NS,0.012901548234817414
2023-05-05,BRITANNIA.NS,0.015289397405453344
2023-05-05,SUNPHARMA.NS,0.014676646955261715
2023-05-05,DRREDDY.NS,0.0031583944900995743
2023-05-05,APOLLOHOSP.NS,0.02014276411742303
2023-05-05,BHARTIARTL.NS,0.004253754213560825
2023-05-05,TATASTEEL.NS,0.012162804770472728
2023-05-05,DLF.NS,0.004023593013552073
2023-06-05,KOTAKBANK.NS,0.023947817035653494
2023-06-05,INFY.NS,0.015785484391058188
2023-06-05,WIPRO.NS,0.009651554734863357
2023-06-05,TECHM.NS,0.010280495253606713
2023-06-05,ONGC.NS,0.023658815054512863
2023-06-05,NTPC.NS,0.020985312871243736
2023-06-05,ITC.NS,0.013442939550592174
2023-06-05,NESTLEIND.NS,0.016938513240083938
2023-06-05,BRITANNIA.NS,0.021150367727847924
2023-06-05,SUNPHARMA.NS,0.017206726174272314
2023-06-05,DRREDDY.NS,0.030694451954511887
2023-06-05,APOLLOHOSP.NS,0.012981491147923713
2023-06-05,BHARTIARTL.NS,0.012812023328870659
2023-06-05,TATASTEEL.NS,0.024607808912944843
2023-06-05,DLF.NS,0.01015333236709516
2023-07-05,KOTAKBANK.NS,0.033805409955449665
2023-07-05,INFY.NS,0.02603928936983448
2023-07-05,WIPRO.NS,0.025509517944988104
2023-07-05,TECHM.NS,0.015225375413142478
2023-07-05,ONGC.NS,0.02497560691743745
2023-07-05,NTPC.NS,0.015159974484231207
2023-07-05,ITC.NS,0.02262013817389878
2023-07-05,NESTLEIND.NS,0.014388272367888881
2023-07-05,BRITANNIA.NS,0.013558542608725537
2023-07-05,SUNPHARMA.NS,0.024169411636385175
2023-07-05,DRREDDY.NS,0.024249426649140992
2023-07-05,APOLLOHOSP.NS,0.014960533729385495
2023-07-05,BHARTIARTL.NS,0.012738034941503095
2023-07-05,TATASTEEL.NS,0.02700172648467743
2023-07-05,DLF.NS,0.014977722863509051
2023-08-03,KOTAKBANK.NS,0.021994857530841242
2023-08-03,INFY.NS,0.03614036344488671
2023-08-03,WIPRO.NS,0.026447386499589387
2023-08-03,TECHM.NS,0.02567600513799681
2023-08-03,ONGC.NS,0.013553421558611693
2023-08-03,NTPC.NS,0.0254126621475657
2023-08-03,ITC.NS,0.011874553943807618
2023-08-03,NESTLEIND.NS,0.018784665373036396
2023-08-03,BRITANNIA.NS,0.02197702105371201
2023-08-03,SUNPHARMA.NS,0.012017479675253635
2023-08-03,DRREDDY.NS,0.036808640159949356
2023-08-03,APOLLOHOSP.NS,0.018466691224504478
2023-08-03,BHARTIARTL.NS,0.011731134321940501
2023-08-03,TATASTEEL.NS,0.015705662336379503
2023-08-03,DLF.NS,0.01001049648001159
2023-09-04,KOTAKBANK.NS,0.017661425652911584
2023-09-04,INFY.NS,0.026032484508696482
2023-09-04,WIPRO.NS,0.011327134483616729
2023-09-04,TECHM.NS,0.01433855471423897
2023-09-04,ONGC.NS,0.0011609305734464812
2023-09-04,NTPC.NS,-0.001731079177911344
2023-09-04,ITC.NS,0.019330952239952178
2023-09-04,NESTLEIND.NS,0.018634644231056846
2023-09-04,BRITANNIA.NS,0.020884367471788404
2023-09-04,SUNPHARMA.NS,0.01567529450001555
2023-09-04,DRREDDY.NS,0.0168708672672767
2023-09-04,APOLLOHOSP.NS,0.028897741586053603
2023-09-04,BHARTIARTL.NS,0.019343052036601822
2023-09-04,TATASTEEL.NS,0.018832549648311363
2023-09-04,DLF.NS,0.012557563532687539
2023-10-05,KOTAKBANK.NS,0.013835484905415993
2023-10-05,INFY.NS,0.017494263596648366
2023-10-05,WIPRO.NS,0.01566574233867494
2023-10-05,TECHM.NS,0.016412485799047152
2023-10-05,ONGC.NS,0.012123747490278489
2023-10-05,NTPC.NS,0.015833049021948476
2023-10-05,ITC.NS,0.01541524440264097
2023-10-05,NESTLEIND.NS,0.01311372969141791
2023-10-05,BRITANNIA.NS,0.014958397605376109
2023-10-05,SUNPHARMA.NS,0.016471601320379795
2023-10-05,DRREDDY.NS,0.014128443791540365
2023-10-05,APOLLOHOSP.NS,0.01798170645617603
2023-10-05,BHARTIARTL.NS,0.006887609826345649
2023-10-05,TATASTEEL.NS,0.014342112608452045
2023-10-05,DLF.NS,0.013334845120700092
2023-11-06,KOTAKBANK.NS,0.018641000321697503
2023-11-06,INFY.NS,0.02169725897007448
2023-11-06,WIPRO.NS,0.02063857297424715
2023-11-06,TECHM.NS,0.020147872456420024
2023-11-06,ONGC.NS,0.00573363975831269
2023-11-06,NTPC.NS,0.01823359501475207
2023-11-06,ITC.NS,0.018229921141534725
2023-11-06,NESTLEIND.NS,0.007680133071392196
2023-11-06,BRITANNIA.NS,0.018852102403941716
2023-11-06,SUNPHARMA.NS,0.02160775163919475
2023-11-06,DRREDDY.NS,0.021638506530728182
2023-11-06,APOLLOHOSP.NS,0.018213943410167018
2023-11-06,BHARTIARTL.NS,0.018825408250337156
2023-11-06,TATASTEEL.NS,0.02037770249709479
2023-11-06,DLF.NS,0.015463095348990616
2023-12-07,KOTAKBANK.NS,0.02673783286545433
2023-12-07,INFY.NS,0.02098235458482686
2023-12-07,WIPRO.NS,0.01976934580063034
2023-12-07,TECHM.NS,0.020742518581597154
2023-12-07,ONGC.NS,0.009614384937562752
2023-12-07,NTPC.NS,0.008202821273994488
2023-12-07,ITC.NS,0.026025447591877537
2023-12-07,NESTLEIND.NS,0.015581113906555734
2023-12-07,BRITANNIA.NS,0.01947863708322159
2023-12-07,SUNPHARMA.NS,0.013657877752001557
2023-12-07,DRREDDY.NS,0.01879079616519466
2023-12-07,APOLLOHOSP.NS,0.011495598115214544
2023-12-07,BHARTIARTL.NS,0.015509415756912967
2023-12-07,TATASTEEL.NS,0.010104359764963936
2023-12-07,DLF.NS,0.026172031870875606
2024-01-08,KOTAKBANK.NS,0.02353826536722133
2024-01-08,INFY.NS,0.030423402399643085
2024-01-08,WIPRO.NS,0.0244903989315739
2024-01-08,TECHM.NS,0.02341081799333013
2024-01-08,ONGC.NS,0.05211258518954352
2024-01-08,NTPC.NS,0.03557965200962141
2024-01-08,ITC.NS,0.023754476047150957
2024-01-08,NESTLEIND.NS,0.015667818356617125
2024-01-08,BRITANNIA.NS,0.022345511503218545
2024-01-08,SUNPHARMA.NS,0.010849666410045351
2024-01-08,DRREDDY.NS,0.02212409305558478
2024-01-08,APOLLOHOSP.NS,0.018999499276576515
2024-01-08,BHARTIARTL.NS,0.021280685072046317
2024-01-08,TATASTEEL.NS,0.021416187150222976
2024-01-08,DLF.NS,0.013719264540018624
2024-02-08,KOTAKBANK.NS,0.020753940725051177
2024-02-08,INFY.NS,0.0036319491033814104
2024-02-08,WIPRO.NS,-0.004718459910395078
2024-02-08,TECHM.NS,0.00895826629755312
2024-02-08,ONGC.NS,0.0563769227190613
2024-02-08,NTPC.NS,0.07173958968459321
2024-02-08,ITC.NS,0.019527212302982613
2024-02-08,NESTLEIND.NS,0.02429696968135906
2024-02-08,BRITANNIA.NS,0.021119575676706484
2024-02-08,SUNPHARMA.NS,0.025389319627147956
2024-02-08,DRREDDY.NS,0.016267184194110877
2024-02-08,APOLLOHOSP.NS,0.019379030605943905
2024-02-08,BHARTIARTL.NS,0.025893320718869614
2024-02-08,TATASTEEL.NS,0.01754627670512128
2024-02-08,DLF.NS,0.07134445129619532
2024-03-11,KOTAKBANK.NS,0.024495646357506017
2024-03-11,INFY.NS,-0.00973471114350866
2024-03-11,WIPRO.NS,-0.007726644262004054
2024-03-11,TECHM.NS,0.01229511160500434
2024-03-11,ONGC.NS,0.018224760911742688
2024-03-11,NTPC.NS,0.02329111948141979
2024-03-11,ITC.NS,0.027944641396726113
2024-03-11,NESTLEIND.NS,0.02154616374757135
2024-03-11,BRITANNIA.NS,0.02339902553469045
2024-03-11,SUNPHARMA.NS,0.031963686182024297
2024-03-11,DRREDDY.NS,0.0197197064591899
2024-03-11,APOLLOHOSP.NS,0.03330058096188228
2024-03-11,BHARTIARTL.NS,0.06885824902380029
2024-03-11,TATASTEEL.NS,-0.00621484399735568
2024-03-11,DLF.NS,0.014548771475585818
2024-04-12,KOTAKBANK.NS,0.020889298517038652
2024-04-12,INFY.NS,0.006860661358803142
2024-04-12,WIPRO.NS,0.009194965685180894
2024-04-12,TECHM.NS,0.021852384472310412
2024-04-12,ONGC.NS,0.030845245135063586
2024-04-12,NTPC.NS,0.01430315203771998
2024-04-12,ITC.NS,0.019458770191031267
2024-04-12,NESTLEIND.NS,0.02078470774376046
2024-04-12,BRITANNIA.NS,0.022499516367014413
2024-04-12,SUNPHARMA.NS,0.06586076115807629
2024-04-12,DRREDDY.NS,0.021277188755698312
2024-04-12,APOLLOHOSP.NS,0.02100397474993888
2024-04-12,BHARTIARTL.NS,0.030722477957759283
2024-04-12,TATASTEEL.NS,0.00442917105578339
2024-04-12,DLF.NS,0.004644917621382384
2024-05-15,KOTAKBANK.NS,0.01149685945039705
2024-05-15,INFY.NS,0.028732557000545007
2024-05-15,WIPRO.NS,0.025146846469190742
2024-05-15,TECHM.NS,0.0181107801759294
2024-05-15,ONGC.NS,0.019588165643541922
2024-05-15,NTPC.NS,0.015799595100553558
2024-05-15,ITC.NS,0.02106548529778998
2024-05-15,NESTLEIND.NS,0.024302787959050852
2024-05-15,BRITANNIA.NS,0.01136262329003958
2024-05-15,SUNPHARMA.NS,0.01400244098927171
2024-05-15,DRREDDY.NS,0.021632249556813043
2024-05-15,APOLLOHOSP.NS,0.025297310037931203
2024-05-15,BHARTIARTL.NS,0.057318267852634185
2024-05-15,TATASTEEL.NS,0.021604793906717244
2024-05-15,DLF.NS,0.03179616340049061
2024-06-14,KOTAKBANK.NS,0.0444201166850547
2024-06-14,INFY.NS,0.03463014544953566
2024-06-14,WIPRO.NS,0.03810346825448577
2024-06-14,TECHM.NS,0.0106075884600928
2024-06-14,ONGC.NS,0.051759001869694704
2024-06-14,NTPC.NS,0.04893415887748884
2024-06-14,ITC.NS,0.019035510317402107
2024-06-14,NESTLEIND.NS,0.02696241575724419
2024-06-14,BRITANNIA.NS,0.016851911732162068
2024-06-14,SUNPHARMA.NS,0.01830158065609885
2024-06-14,DRREDDY.NS,0.023686550994833695
2024-06-14,APOLLOHOSP.NS,0.019825645908214323
2024-06-14,BHARTIARTL.NS,0.016333847009974933
2024-06-14,TATASTEEL.NS,0.0038290763193376807
2024-06-14,DLF.NS,0.002825978879900765
2024-07-16,KOTAKBANK.NS,0.006692810885765647
2024-07-16,INFY.NS,0.019664962102785028
2024-07-16,WIPRO.NS,0.015557127269075837
2024-07-16,TECHM.NS,0.01112590404717323
2024-07-16,ONGC.NS,0.0766199173734472
2024-07-16,NTPC.NS,0.06377659682954179
2024-07-16,ITC.NS,0.02168635034682506
2024-07-16,NESTLEIND.NS,0.017806598801646797
2024-07-16,BRITANNIA.NS,0.016358318827345678
2024-07-16,SUNPHARMA.NS,0.022201118997638786
2024-07-16,DRREDDY.NS,0.022617526341764168
2024-07-16,APOLLOHOSP.NS,0.024083315789305462
2024-07-16,BHARTIARTL.NS,0.016336857904202244
2024-07-16,TATASTEEL.NS,-0.005363048043841397
2024-07-16,DLF.NS,0.018765754880630557
2024-08-16,KOTAKBANK.NS,0.01924675836564689
2024-08-16,INFY.NS,0.027060338243262035
2024-08-16,WIPRO.NS,0.002952431050528704
2024-08-16,TECHM.NS,0.028940467934812794
2024-08-16,ONGC.NS,-0.019388286052219927
2024-08-16,NTPC.NS,0.04331593829150214
2024-08-16,ITC.NS,0.014089399341190034
2024-08-16,NESTLEIND.NS,0.027243030835624595
2024-08-16,BRITANNIA.NS,0.022907165610696868
2024-08-16,SUNPHARMA.NS,0.02106579387222016
2024-08-16,DRREDDY.NS,0.02319870089762334
2024-08-16,APOLLOHOSP.NS,0.02365239665212023
2024-08-16,BHARTIARTL.NS,0.017713779809256137
2024-08-16,TATASTEEL.NS,0.02549270324954249
2024-08-16,DLF.NS,-3.559405617867633e-05
2024-09-16,KOTAKBANK.NS,0.0176877512742073
2024-09-16,INFY.NS,0.015324838088103422
2024-09-16,WIPRO.NS,-0.0020699203324102233
2024-09-16,TECHM.NS,0.02675141311159924
2024-09-16,ONGC.NS,0.013742615007832594
2024-09-16,NTPC.NS,0.02403842743993728
2024-09-16,ITC.NS,0.011865401605439715
2024-09-16,NESTLEIND.NS,0.02156193757438542
2024-09-16,BRITANNIA.NS,0.028163471940417246
2024-09-16,SUNPHARMA.NS,0.02228774594709903
2024-09-16,DRREDDY.NS,0.023365892027271084
2024-09-16,APOLLOHOSP.NS,0.020640479738956094
2024-09-16,BHARTIARTL.NS,0.03642340846282922
2024-09-16,TATASTEEL.NS,0.04361598344537659
2024-09-16,DLF.NS,0.022893461336078298
2024-10-16,KOTAKBANK.NS,0.02281003606463643
2024-10-16,INFY.NS,0.017728575081950308
2024-10-16,WIPRO.NS,0.00708814176534557
2024-10-16,TECHM.NS,0.03431260031530373
2024-10-16,ONGC.NS,0.016802811162420977
2024-10-16,NTPC.NS,0.02245728381315693
2024-10-16,ITC.NS,0.01524083329867123
2024-10-16,NESTLEIND.NS,0.02259755084082037
2024-10-16,BRITANNIA.NS,0.024558408526776317
2024-10-16,SUNPHARMA.NS,0.013763105178670092
2024-10-16,DRREDDY.NS,0.016723795027563236
2024-10-16,APOLLOHOSP.NS,0.022481403081523906
2024-10-16,BHARTIARTL.NS,0.024777359381314572
2024-10-16,TATASTEEL.NS,0.040708789601454715
2024-10-16,DLF.NS,0.01063618635984565
2024-11-14,KOTAKBANK.NS,0.022701792132950267
2024-11-14,INFY.NS,0.024128287834918067
2024-11-14,WIPRO.NS,0.021109340388119242
2024-11-14,TECHM.NS,0.0346908701759066
2024-11-14,ONGC.NS,0.021423332757796107
2024-11-14,NTPC.NS,0.011628653175577484
2024-11-14,ITC.NS,0.01902981743594198
2024-11-14,NESTLEIND.NS,0.02923357316745627
2024-11-14,BRITANNIA.NS,0.026431068272437963
2024-11-14,SUNPHARMA.NS,0.011257817750180062
2024-11-14,DRREDDY.NS,0.020268033251343194
2024-11-14,APOLLOHOSP.NS,0.021725722845695555
2024-11-14,BHARTIARTL.NS,0.008020085472728505
2024-11-14,TATASTEEL.NS,0.02962064680618384
2024-11-14,DLF.NS,0.037252858763326395
2024-12-17,KOTAKBANK.NS,0.02013489558121009
2024-12-17,INFY.NS,0.0243885306817063
2024-12-17,WIPRO.NS,0.019344012617891225
2024-12-17,TECHM.NS,0.01867314021637747
2024-12-17,ONGC.NS,0.02990276025106744
2024-12-17,NTPC.NS,-0.017253712628975244
2024-12-17,ITC.NS,0.02508545042900845
2024-12-17,NESTLEIND.NS,0.03339046378470683
2024-12-17,BRITANNIA.NS,0.017171770630420736
2024-12-17,SUNPHARMA.NS,0.024082397945881875
2024-12-17,DRREDDY.NS,0.002716870748559698
2024-12-17,APOLLOHOSP.NS,0.017261529662482827
2024-12-17,BHARTIARTL.NS,0.02866758529667773
2024-12-17,TATASTEEL.NS,0.018308704091037496
2024-12-17,DLF.NS,-0.006454906913630855
2025-01-16,KOTAKBANK.NS,0.02262914469359896
2025-01-16,INFY.NS,0.016527917515828338
2025-01-16,WIPRO.NS,0.008462865479606103
2025-01-16,TECHM.NS,0.01610085001875007
2025-01-16,ONGC.NS,0.011044229636017273
2025-01-16,NTPC.NS,0.0038457207908638743
2025-01-16,ITC.NS,0.022250548944327337
2025-01-16,NESTLEIND.NS,0.0181996313613636
2025-01-16,BRITANNIA.NS,0.015899350023099744
2025-01-16,SUNPHARMA.NS,0.021625373668072056
2025-01-16,DRREDDY.NS,0.021069209324199232
2025-01-16,APOLLOHOSP.NS,0.010303896253589826
2025-01-16,BHARTIARTL.NS,0.021312865433063058
2025-01-16,TATASTEEL.NS,0.00801182987049996
2025-01-16,DLF.NS,0.017134553297631198
2025-02-13,KOTAKBANK.NS,0.01583167542360273
2025-02-13,INFY.NS,0.009570225369334702
2025-02-13,WIPRO.NS,0.01573617799239208
2025-02-13,TECHM.NS,0.007613134211514191
2025-02-13,ONGC.NS,-0.016899671136740492
2025-02-13,NTPC.NS,0.0036167751830555434
2025-02-13,ITC.NS,0.013077111249091685
2025-02-13,NESTLEIND.NS,0.008950265974855237
2025-02-13,BRITANNIA.NS,0.002544623837882756
2025-02-13,SUNPHARMA.NS,0.019440276937785685
2025-02-13,DRREDDY.NS,0.019476306190421677
2025-02-13,APOLLOHOSP.NS,0.015446033600223534
2025-02-13,BHARTIARTL.NS,0.02156970677872908
2025-02-13,TATASTEEL.NS,0.00143283236665508
2025-02-13,DLF.NS,-0.006759644429197156
2025-03-18,KOTAKBANK.NS,0.020603718006802565
2025-03-18,INFY.NS,-0.014724146022646944
2025-03-18,WIPRO.NS,-0.02159766660903734
2025-03-18,TECHM.NS,-0.02109574625770925
2025-03-18,ONGC.NS,-0.01629913496720799
2025-03-18,NTPC.NS,0.004181864882628044
2025-03-18,ITC.NS,0.0253622142473964
2025-03-18,NESTLEIND.NS,0.024266044629296813
2025-03-18,BRITANNIA.NS,0.03395469693046902
2025-03-18,SUNPHARMA.NS,0.022959814457199138
2025-03-18,DRREDDY.NS,0.010754202823430174
2025-03-18,APOLLOHOSP.NS,0.03728759188377403
2025-03-18,BHARTIARTL.NS,0.024161580002861352
2025-03-18,TATASTEEL.NS,0.005036232298803325
2025-03-18,DLF.NS,-0.0011409805818277093
2025-04-22,KOTAKBANK.NS,0.010474237387576113
2025-04-22,INFY.NS,0.09485366259086209
2025-04-22,WIPRO.NS,0.044701104410982004
2025-04-22,TECHM.NS,0.00476475923708526
2025-04-22,ONGC.NS,0.006009429134327807
2025-04-22,NTPC.NS,0.011113842910549943
2025-04-22,ITC.NS,0.0243305051142616
2025-04-22,NESTLEIND.NS,0.025146658349875277
2025-04-22,BRITANNIA.NS,0.024379267972861315
2025-04-22,SUNPHARMA.NS,0.010664730991364451
2025-04-22,DRREDDY.NS,0.013887841853726449
2025-04-22,APOLLOHOSP.NS,0.024933779590507243
2025-04-22,BHARTIARTL.NS,0.016826804491152602
2025-04-22,TATASTEEL.NS,0.034721003685398724
2025-04-22,DLF.NS,0.018188142581952556
2025-05-22,KOTAKBANK.NS,-0.0031741540821773138
2025-05-22,INFY.NS,0.013863282714639089
2025-05-22,WIPRO.NS,0.012646810476891358
2025-05-22,TECHM.NS,0.00936263453152942
2025-05-22,ONGC.NS,0.0055906388770012895
2025-05-22,NTPC.NS,0.000566941812412642
2025-05-22,ITC.NS,0.020470272263573175
2025-05-22,NESTLEIND.NS,0.022209662242694033
2025-05-22,BRITANNIA.NS,0.024407344160969898
2025-05-22,SUNPHARMA.NS,-0.018113176677428455
2025-05-22,DRREDDY.NS,0.013343998229790726
2025-05-22,APOLLOHOSP.NS,0.02239093465058137
2025-05-22,BHARTIARTL.NS,0.010952286734923516
2025-05-22,TATASTEEL.NS,0.004823472878626129
2025-05-22,DLF.NS,0.021668982032752145
2025-06-20,KOTAKBANK.NS,0.01604839760497996
2025-06-20,INFY.NS,0.010130853760241565
2025-06-20,WIPRO.NS,0.01203586937849162
2025-06-20,TECHM.NS,0.0057338417445075745
2025-06-20,ONGC.NS,0.007975060694717453
2025-06-20,NTPC.NS,0.012960468118039551
2025-06-20,ITC.NS,0.020366380245090337
2025-06-20,NESTLEIND.NS,0.01907738906182925
2025-06-20,BRITANNIA.NS,0.013901896286813455
2025-06-20,SUNPHARMA.NS,0.013318454924872903
2025-06-20,DRREDDY.NS,0.022494453021273345
2025-06-20,APOLLOHOSP.NS,0.0219972034430722
2025-06-20,BHARTIARTL.NS,0.016290801851429056
2025-06-20,TATASTEEL.NS,0.004957744610161642
2025-06-20,DLF.NS,0.00560114628024573
2025-07-21,KOTAKBANK.NS,0.01761135554837949
2025-07-21,INFY.NS,0.009688399317713934
2025-07-21,WIPRO.NS,0.01653490423181809
2025-07-21,TECHM.NS,0.009546653408855573
2025-07-21,ONGC.NS,0.014880069639423696
2025-07-21,NTPC.NS,0.013146339864061973
2025-07-21,ITC.NS,0.014249465072264388
2025-07-21,NESTLEIND.NS,0.009547798412239523
2025-07-21,BRITANNIA.NS,0.01638896412248596
2025-07-21,SUNPHARMA.NS,0.014218031539347625
2025-07-21,DRREDDY.NS,0.013552931622645004
2025-07-21,APOLLOHOSP.NS,0.014241912434008871
2025-07-21,BHARTIARTL.NS,0.010673131766164131
2025-07-21,TATASTEEL.NS,0.008595619886477864
2025-07-21,DLF.NS,-0.003765985155860467
2025-08-20,KOTAKBANK.NS,0.02258395467885703
2025-08-20,INFY.NS,0.01852241465839157
2025-08-20,WIPRO.NS,0.0037652909911817713
2025-08-20,TECHM.NS,0.0025972433822580394
2025-08-20,ONGC.NS,0.013872138708184822
2025-08-20,NTPC.NS,0.008233089814131189
2025-08-20,ITC.NS,0.013903732755227362
2025-08-20,NESTLEIND.NS,0.02207751715999897
2025-08-20,BRITANNIA.NS,0.021959017744142884
2025-08-20,SUNPHARMA.NS,0.017598937970647207
2025-08-20,DRREDDY.NS,0.014915775981445724
2025-08-20,APOLLOHOSP.NS,0.012142514457576834
2025-08-20,BHARTIARTL.NS,0.01584131740527648
2025-08-20,TATASTEEL.NS,0.02270285043052709
2025-08-20,DLF.NS,0.0011729308351094917
2025-09-19,KOTAKBANK.NS,0.021808998619139236
2025-09-19,INFY.NS,0.01859273725838889
2025-09-19,WIPRO.NS,-0.008309364810441875
2025-09-19,TECHM.NS,-0.004222694640052031
2025-09-19,ONGC.NS,0.014536822962868632
2025-09-19,NTPC.NS,0.009937862082654644
2025-09-19,ITC.NS,0.01162169251567071
2025-09-19,NESTLEIND.NS,0.015838340169835836
2025-09-19,BRITANNIA.NS,0.01783441712191589
2025-09-19,SUNPHARMA.NS,0.019067815966943936
2025-09-19,DRREDDY.NS,0.014705224218842274
2025-09-19,APOLLOHOSP.NS,0.005647193791258769
2025-09-19,BHARTIARTL.NS,0.016010847657442574
2025-09-19,TATASTEEL.NS,0.0046314232218270255
2025-09-19,DLF.NS,0.017512491972071848
2025-10-21,KOTAKBANK.NS,0.015936742275216464
2025-10-21,INFY.NS,0.008548805967202202
2025-10-21,WIPRO.NS,0.024350902366775926
2025-10-21,TECHM.NS,0.004303671070621547
2025-10-21,ONGC.NS,0.012859400757760155
2025-10-21,NTPC.NS,-0.007840478071869049
2025-10-21,ITC.NS,0.011934108964448445
2025-10-21,NESTLEIND.NS,0.006879671283688877
2025-10-21,BRITANNIA.NS,0.018322095707408566
2025-10-21,SUNPHARMA.NS,0.02065723935031528
2025-10-21,DRREDDY.NS,0.015239929408249132
2025-10-21,APOLLOHOSP.NS,0.018242191771070542
2025-10-21,BHARTIARTL.NS,0.017559711104551307
2025-10-21,TATASTEEL.NS,0.007589152408791496
2025-10-21,DLF.NS,0.022539696902468067
2025-11-21,KOTAKBANK.NS,0.012005138061047615
2025-11-21,INFY.NS,0.005462939595712029
2025-11-21,WIPRO.NS,0.020533403935560388
2025-11-21,TECHM.NS,0.015154968225186556
2025-11-21,ONGC.NS,-0.007901046699870745
2025-11-21,NTPC.NS,0.010227989623691423
2025-11-21,ITC.NS,0.009150718339031316
2025-11-21,NESTLEIND.NS,0.013720015144958901
2025-11-21,BRITANNIA.NS,0.012771590664167913
2025-11-21,SUNPHARMA.NS,0.018383211977620002
2025-11-21,DRREDDY.NS,0.014392786410476468
2025-11-21,APOLLOHOSP.NS,0.01148704363847252
2025-11-21,BHARTIARTL.NS,0.018303696042272843
2025-11-21,TATASTEEL.NS,0.0063006733936401636
2025-11-21,DLF.NS,0.016753391450355003
2025-12-22,KOTAKBANK.NS,0.007835410578560836
2025-12-22,INFY.NS,0.01139054721400721
2025-12-22,WIPRO.NS,0.011991765302384341
2025-12-22,TECHM.NS,0.008859761612903569
2025-12-22,ONGC.NS,-0.024895066045830857
2025-12-22,NTPC.NS,0.009986689855790954
2025-12-22,ITC.NS,-0.04506606134728864
2025-12-22,NESTLEIND.NS,0.00903289992356601
2025-12-22,BRITANNIA.NS,0.009591508444349398
2025-12-22,SUNPHARMA.NS,0.008251872925617404
2025-12-22,DRREDDY.NS,0.015585108530061618
2025-12-22,APOLLOHOSP.NS,0.014110654943637195
2025-12-22,BHARTIARTL.NS,0.016178473052496246
2025-12-22,TATASTEEL.NS,0.009384112645995776
2025-12-22,DLF.NS,0.022549035114691703
2026-01-21,KOTAKBANK.NS,0.004240472499816878
2026-01-21,INFY.NS,0.007149530616556736
2026-01-21,WIPRO.NS,0.0031140022903285696
2026-01-21,TECHM.NS,0.007933353750927137
2026-01-21,ONGC.NS,0.0079234958704942
2026-01-21,NTPC.NS,0.007465927214994355
2026-01-21,ITC.NS,0.03883176648049309
2026-01-21,NESTLEIND.NS,0.0029821691036208686
2026-01-21,BRITANNIA.NS,0.00870616085104126
2026-01-21,SUNPHARMA.NS,0.013882778862725535
2026-01-21,DRREDDY.NS,0.015201729061572248
2026-01-21,APOLLOHOSP.NS,0.01929218935413782
2026-01-21,BHARTIARTL.NS,0.011715419597441734
2026-01-21,TATASTEEL.NS,0.0037911357292305897
2026-01-21,DLF.NS,0.04887403299602662
2026-02-20,KOTAKBANK.NS,0.009133079598675247
2026-02-20,INFY.NS,-0.03484926454719847
2026-02-20,WIPRO.NS,-0.028448351082117854
2026-02-20,TECHM.NS,-0.027338442813337492
2026-02-20,ONGC.NS,-0.006810057410395711
2026-02-20,NTPC.NS,0.00361986453437281
2026-02-20,ITC.NS,0.006314392637406107
2026-02-20,NESTLEIND.NS,0.0030779431634134356
2026-02-20,BRITANNIA.NS,-0.01053995343069574
2026-02-20,SUNPHARMA.NS,0.00936880524776342
2026-02-20,DRREDDY.NS,0.006640608851649776
2026-02-20,APOLLOHOSP.NS,0.006107457431108029
2026-02-20,BHARTIARTL.NS,0.0094448616886909
2026-02-20,TATASTEEL.NS,-0.01733925545038889
2026-02-20,DLF.NS,0.001094023242571649
2026-03-24,KOTAKBANK.NS,0.008114813888280907
2026-03-24,INFY.NS,0.012783270313605611
2026-03-24,WIPRO.NS,0.06347062055354993
2026-03-24,TECHM.NS,0.0030092081377145192
2026-03-24,ONGC.NS,-0.004512674772424304
2026-03-24,NTPC.NS,0.0020802686424580643
2026-03-24,ITC.NS,0.05767731444510699
2026-03-24,NESTLEIND.NS,0.014310076255551045
2026-03-24,BRITANNIA.NS,0.008289897687201762
2026-03-24,SUNPHARMA.NS,0.005116852815256822
2026-03-24,DRREDDY.NS,0.0032096143274275967
2026-03-24,APOLLOHOSP.NS,0.008266891387939904
2026-03-24,BHARTIARTL.NS,0.0166118327558543
2026-03-24,TATASTEEL.NS,0.05132915063963995
2026-03-24,DLF.NS,0.07899538724173973
2026-04-28,KOTAKBANK.NS,0.004288957931719476
2026-04-28,INFY.NS,0.08053861717602502
2026-04-28,WIPRO.NS,0.007687396369737981
2026-04-28,TECHM.NS,0.003546153867354961
2026-04-28,ONGC.NS,-0.0016782792549024817
2026-04-28,NTPC.NS,-0.02448011274603245
2026-04-28,ITC.NS,0.027669426319387316
2026-04-28,NESTLEIND.NS,0.003268720919522202
2026-04-28,BRITANNIA.NS,-0.00458074203942117
2026-04-28,SUNPHARMA.NS,-0.0006730322881484962
2026-04-28,DRREDDY.NS,-0.006600334876255101
2026-04-28,APOLLOHOSP.NS,0.0038414505345667187
2026-04-28,BHARTIARTL.NS,0.00877681686349086
2026-04-28,TATASTEEL.NS,-0.004912985013366956
2026-04-28,DLF.NS,0.03631143332625068
2026-05-27,KOTAKBANK.NS,0.0024775874383550205
2026-05-27,INFY.NS,0.02836525229992142
2026-05-27,WIPRO.NS,-0.0038388157802696473
2026-05-27,TECHM.NS,0.001013196929176271
2026-05-27,ONGC.NS,-0.005567010867417036
2026-05-27,NTPC.NS,-0.021092632925798476
2026-05-27,ITC.NS,0.012759725193060687
2026-05-27,NESTLEIND.NS,0.0028016589307921333
2026-05-27,BRITANNIA.NS,0.01593572416510433
2026-05-27,SUNPHARMA.NS,0.0013060632939241265
2026-05-27,DRREDDY.NS,0.0006377127695311531
2026-05-27,APOLLOHOSP.NS,0.0032638311310850417
2026-05-27,BHARTIARTL.NS,0.002617439697402429
2026-05-27,TATASTEEL.NS,0.0006251096013893898
2026-05-27,DLF.NS,0.002079433445724917
2026-06-25,KOTAKBANK.NS,0.0064148209043035755
2026-06-25,INFY.NS,0.07455956579726251
2026-06-25,WIPRO.NS,-0.0018173762919259206
2026-06-25,TECHM.NS,-0.001512603241598492
2026-06-25,ONGC.NS,-0.009531813481515564
2026-06-25,NTPC.NS,-0.01255800746168066
2026-06-25,ITC.NS,0.014191657682570523
2026-06-25,NESTLEIND.NS,0.0002561324316211272
2026-06-25,BRITANNIA.NS,0.012330153182417942
2026-06-25,SUNPHARMA.NS,6.87315802369961e-05
2026-06-25,DRREDDY.NS,-0.0004594735524475932
2026-06-25,APOLLOHOSP.NS,0.001044528164463004
2026-06-25,BHARTIARTL.NS,0.011415385837736648
2026-06-25,TATASTEEL.NS,0.008353087354139362
2026-06-25,DLF.NS,-0.004568231948087829
